date,pass,tag,lon,lat,depth,flow,br,b,c,p,g,s,silt,rip,aqu,und,leaf,comment
2018.01.17,1,306750,17,,,,,,,,,,,,,,,Release location after tagging
2018.01.17,1,396174,17,,,,,,,,,,,,,,,Release location after tagging
2018.01.17,1,397049,17,,,,,,,,,,,,,,,Release location after tagging
2018.01.17,1,397419,17,,,,,,,,,,,,,,,Release location after tagging
2018.01.17,1,400116,17,,,,,,,,,,,,,,,Release location after tagging
2018.01.17,1,387550,17,,,,,,,,,,,,,,,Release location after tagging
2018.01.17,1,386869,17,,,,,,,,,,,,,,,Release location after tagging
2018.01.17,1,400946,17,,,,,,,,,,,,,,,Release location after tagging
2018.01.17,1,401032,17,,,,,,,,,,,,,,,Release location after tagging
2018.01.17,1,304497,17,,,,,,,,,,,,,,,Release location after tagging
2018.01.18,1,395410,55,,,,,,,,,,,,,,,Release location after tagging
2018.01.18,1,398543,55,,,,,,,,,,,,,,,Release location after tagging
2018.01.18,1,396010,107,,,,,,,,,,,,,,,Release location after tagging
2018.01.18,1,305280,55,,,,,,,,,,,,,,,Release location after tagging
2018.01.18,1,386103,55,,,,,,,,,,,,,,,Release location after tagging
2018.01.18,1,400288,55,,,,,,,,,,,,,,,Release location after tagging
2018.01.18,1,385905,55,,,,,,,,,,,,,,,Release location after tagging
2018.01.18,1,401097,55,,,,,,,,,,,,,,,Release location after tagging
2018.01.18,1,395226,107,,,,,,,,,,,,,,,Release location after tagging
2018.01.18,1,387898,107,,,,,,,,,,,,,,,Release location after tagging
2018.01.18,1,305997,155,,,,,,,,,,,,,,,Release location after tagging
2018.01.18,1,397443,155,,,,,,,,,,,,,,,Release location after tagging
2018.01.18,1,386790,155,,,,,,,,,,,,,,,Release location after tagging
2018.01.18,1,396941,155,,,,,,,,,,,,,,,Release location after tagging
2018.01.18,1,394587,155,,,,,,,,,,,,,,,Release location after tagging
2018.01.18,1,387435,155,,,,,,,,,,,,,,,Release location after tagging
2018.01.18,1,306224,190,,,,,,,,,,,,,,,Release location after tagging
2018.01.18,1,402369,190,,,,,,,,,,,,,,,Release location after tagging
2018.01.18,1,402162,190,,,,,,,,,,,,,,,Release location after tagging
2018.01.18,1,397744,190,,,,,,,,,,,,,,,Release location after tagging
2018.01.18,1,398343,190,,,,,,,,,,,,,,,Release location after tagging
2018.01.18,1,396580,190,,,,,,,,,,,,,,,Release location after tagging
2018.01.18,1,396894,190,,,,,,,,,,,,,,,Release location after tagging
2018.01.18,1,306346,190,,,,,,,,,,,,,,,Release location after tagging
2018.01.18,1,305901,190,,,,,,,,,,,,,,,Release location after tagging
2018.01.18,1,385464,190,,,,,,,,,,,,,,,Release location after tagging
2018.01.18,1,394605,190,,,,,,,,,,,,,,,Release location after tagging
2018.01.18,1,306236,190,,,,,,,,,,,,,,,Release location after tagging
2018.01.24,1,387550,0,60,29,0.14,,30,30,,20,20,,,,,,
2018.01.24,1,401032,4,30,25,0.03,,80,20,,,,,,,,,
2018.01.24,1,386869,23,80,10,0.06,,,20,30,,50,,1,,,,
2018.01.24,1,397049,33,20,15,0.02,,40,30,30,,,,,,,,
2018.01.24,1,385905,48,40,25,0.06,5,,90,5,,,,,,,,
2018.01.24,1,401097,73,50,20,0.07,,,75,,20,5,,1,,,,
2018.01.24,1,395226,109,90,20,0.2,,,80,20,,,,1,,,,
2018.01.24,1,387898,118,40,20,0.03,,20,40,40,,,,1,,,,
2018.01.24,1,306346,188,90,25,0.04,,,60,20,,,20,1,,,,
2018.01.24,1,396941,190,120,25,0.04,,,80,10,,,10,1,,,,
2018.01.24,1,385464,190,90,25,0.09,,,40,40,20,,,1,,,,
2018.01.24,2,401032,12,,,,,,,,,,,,,,,
2018.01.24,2,397049,33,,,,,,,,,,,,,,,
2018.01.24,2,385905,48,,,,,,,,,,,,,,,
2018.01.24,2,305280,80,,,,,,,,,,,,,,,
2018.01.24,2,395226,109,,,,,,,,,,,,,,,
2018.01.24,2,394587,166,,,,,,,,,,,,,,,
2018.01.24,2,394605,189,,,,,,,,,,,,,,,
2018.01.24,2,396941,190,,,,,,,,,,,,,,,
2018.01.24,2,385464,200,,,,,,,,,,,,,,,
2018.01.24,,,0,20,20,0.1,,,40,40,20,,,,,,,
2018.01.24,,,0,40,25,0.2,,60,30,10,,,,,,,,
2018.01.24,,,0,60,30,0.05,,75,20,5,,,,,,,,
2018.01.24,,,0,80,25,0.04,,20,30,50,,,,,,,,
2018.01.24,,,0,100,15,0.01,,,,,,,100,,1,,,
2018.01.24,,,10,20,5,0.01,,,60,20,,20,,1,,,,
2018.01.24,,,10,40,10,0.36,,,60,40,,,,1,,,,
2018.01.24,,,10,60,10,0.41,,40,20,40,,,,1,,,,
2018.01.24,,,10,80,10,0.09,,,20,,40,40,,,,,,
2018.01.24,,,10,100,5,0.15,,,50,50,,,,,,,,
2018.01.24,,,20,20,5,0.19,,50,,,,25,25,,1,,,
2018.01.24,,,20,40,5,0.05,,60,,,,20,20,,1,,,
2018.01.24,,,20,60,10,0.07,,,60,20,,20,,,1,,,
2018.01.24,,,20,80,10,0.01,,75,25,,,,,,1,,,
2018.01.24,,,20,100,10,0.1,,80,,,10,10,,,,,,
2018.01.24,,,20,120,3,0.17,,100,,,,,,,,,,
2018.01.24,,,20,140,10,0.1,,80,,20,,,,,1,,,
2018.01.24,,,30,20,5,0,,,,,,,100,,1,,,
2018.01.24,,,30,40,5,0.01,,80,,,,,20,,1,,,
2018.01.24,,,30,60,15,0.05,,60,30,,10,,,,1,,,
2018.01.24,,,30,80,3,0.14,,,75,20,,5,,,1,,,
2018.01.24,,,30,100,5,0,,80,,,20,,,,,,,
2018.01.24,,,40,20,12,0.17,,,80,,20,,,,1,,,
2018.01.24,,,40,40,12,0.14,,80,,,20,,,1,,,,
2018.01.24,,,40,60,15,0.25,,,60,20,,20,,1,1,,,
2018.01.24,,,50,20,7,0.08,,,,40,,,60,,1,,,
2018.01.24,,,50,40,10,0.19,,,70,30,,,,,1,,,
2018.01.24,,,50,60,10,0.25,,,90,10,,,,,,,,
2018.01.24,,,50,80,7,0.02,,,80,,,,20,,,,,
2018.01.24,,,60,20,Dry,,,,,,,,,,,,,
2018.01.24,,,60,40,Dry,,,,,,,,,,,,,
2018.01.24,,,60,60,12,0.3,,,40,40,20,,,,,,,
2018.01.24,,,60,80,20,0.05,,,20,60,20,,,,,,,
2018.01.24,,,60,100,3,0,,,,80,20,,,,,,,
2018.01.24,,,60,120,7,0.34,,40,20,,,40,,,1,,,
2018.01.24,,,70,20,10,0.1,,,40,,60,,,,1,,,
2018.01.24,,,70,40,10,0,,,,,10,,90,,1,,,
2018.01.24,,,70,60,15,0.19,,,60,20,20,,,,,,,
2018.01.24,,,70,80,20,0.09,,,20,,80,,,,1,,,
2018.01.24,,,80,20,25,0.06,,,75,,,,25,1,,,,
2018.01.24,,,80,40,25,0,,,30,30,40,,,1,,,,
2018.01.24,,,80,80,25,0,,,,20,80,,,1,,,,
2018.01.24,,,80,100,25,0,,,20,,80,,,1,,,,
2018.01.24,,,90,20,10,0.3,,,40,30,30,,,1,,,,
2018.01.24,,,90,40,7,0.17,,,60,20,20,,,1,,,,
2018.01.24,,,90,60,10,0.12,,,40,30,30,,,1,,,,
2018.01.24,,,90,80,15,0.06,,,60,,40,,,1,,,,
2018.01.24,,,90,100,10,0.16,,20,40,40,,,,1,,,,
2018.01.24,,,90,120,5,0.12,,,,20,80,,,1,,,,
2018.01.24,,,100,20,30,0.07,,,,10,90,,,1,,1,,
2018.01.24,,,100,40,40,0.01,,,80,,20,,,1,,,,
2018.01.24,,,100,60,40,0.08,,,30,20,,50,,1,1,,,
2018.01.24,,,100,80,35,0,,,,10,10,80,,1,1,,,
2018.01.24,,,100,100,30,0,,,,,,,100,1,1,,,
2018.01.24,,,110,20,10,0.23,,,60,20,20,,,1,,,,
2018.01.24,,,110,40,15,0.8,,,60,30,10,,,1,,,,
2018.01.24,,,110,60,15,0.06,,,80,20,,,,1,,,,
2018.01.24,,,110,80,15,0.13,,,75,25,,,,1,,,,
2018.01.24,,,110,100,10,0.15,,,,20,80,,,1,,,,
2018.01.24,,,120,20,10,0.18,,,50,30,20,,,1,,,,
2018.01.24,,,120,40,Dry,,,,,,,,,,,,,
2018.01.24,,,120,60,5,0.1,,,75,20,5,,,1,,,,
2018.01.24,,,120,80,10,0.23,,30,40,30,,,,,,,,
2018.01.24,,,120,100,7,0.05,,,60,,40,,,,,,,
2018.01.24,,,120,120,12,0.14,,,80,20,,,,1,,,,
2018.01.24,,,130,20,23,0,,,40,40,20,,,1,,,,
2018.01.24,,,130,40,25,0.18,,,100,,,,,1,,,,
2018.01.24,,,130,60,25,0.13,,75,25,,,,,1,,,,
2018.01.24,,,140,20,13,0.04,,,60,20,20,,,1,,,,
2018.01.24,,,140,40,15,0.14,,,30,50,20,,,1,,,,
2018.01.24,,,140,60,15,0.24,,,20,50,30,,,1,,,,
2018.01.24,,,140,80,15,0.08,,,,30,70,,,1,1,,,
2018.01.24,,,150,20,15,0.22,,,10,15,75,,,1,,,,
2018.01.24,,,150,40,8,0.19,,,80,10,10,,,,1,,,
2018.01.24,,,150,60,10,0,,,,30,70,,,,1,,,
2018.01.24,,,160,20,15,0.42,,,80,20,,,,1,,,,
2018.01.24,,,160,40,15,0.27,,,30,30,40,,,,,,,
2018.01.24,,,160,60,10,0.16,,,40,30,30,,,,,,,
2018.01.24,,,170,20,5,0.07,,,10,20,70,,,1,,,,
2018.01.24,,,170,40,7,0.11,,5,80,,15,,,,,,,
2018.01.24,,,170,60,,,,,,,,,,,,,,
2018.01.24,,,170,80,5,0.86,,,60,40,,,,,,,,
2018.01.24,,,170,100,15,0.19,,,60,40,,,,1,,1,,
2018.01.24,,,180,20,20,0.01,,,,10,20,30,40,1,1,,,
2018.01.24,,,180,40,25,0.08,,,20,40,40,,,1,,,,
2018.01.24,,,180,60,25,0.07,,,80,20,,,,,1,,,
2018.01.24,,,190,20,30,0.09,,,60,,,,40,,,1,,
2018.01.24,,,190,40,30,0.13,,,30,20,30,20,,1,,,,
2018.01.24,,,190,60,20,0.05,,,30,10,60,,,1,,,,
2018.01.24,,,190,80,30,0.05,,,20,10,70,,,1,,,,
2018.01.24,,,190,100,25,0.02,,,30,,,,70,1,,,,
2018.01.24,,,190,120,20,0,,,,,,,100,,,1,,
2018.01.24,,,200,20,12,0.12,,,80,20,,,,1,,,,
2018.01.24,,,200,40,22,0.03,,,100,,,,,,,,,
2018.01.24,,,200,60,10,0.16,,,90,10,,,,,,,,
2018.01.24,,,200,80,5,0.04,,,60,30,10,,,1,,,,
2018.02.17,1,387550,1,,25,0,,30,70,,,,,,,,,
2018.02.17,1,386869,22,,12,0.19,,20,80,,,,,,,,,
2018.02.17,1,385905,47,,12,0.01,,,80,20,,,,,,,,
2018.02.17,1,386103,65,,4,0.03,,,20,,,80,,1,1,,,
2018.02.17,1,305280,77,,28,0.02,,90,,,,10,,1,,1,,
2018.02.17,1,387898,83,,18,0.09,,80,20,,,,,1,,,,
2018.02.17,1,400288,100,,32,0.01,,,80,20,,,,1,,,,
2018.02.17,1,395226,110,,15,0.03,,,80,20,,,,1,,,,
2018.02.17,1,394587,149,,13,0.06,,20,80,,,,,1,,,,
2018.02.17,1,402369,178,,15,0.05,,20,60,20,,,,1,,,,
2018.02.17,1,306224,182,,38,0,,,40,,,,60,,,1,1,
2018.02.17,1,396941,190,,,,,,,,,,,,,,,Query fish dead - habitat not recorded
2018.02.17,1,306236,191,,12,0.01,,,80,,,,20,1,,1,,
2018.02.17,1,385464,192,,14,0.08,,,80,20,,,,1,,,,
2018.02.17,1,402162,197,,12,0.28,,,80,20,,,,1,,,,
2018.02.17,2,387550,1,,,,,,,,,,,,,,,
2018.02.17,2,396174,4,,,,,,,,,,,,,,,
2018.02.17,2,395410,18,,,,,,,,,,,,,,,
2018.02.17,2,397049,35,,,,,,,,,,,,,,,
2018.02.17,2,386869,22,,,,,,,,,,,,,,,
2018.02.17,2,385905,47,,,,,,,,,,,,,,,
2018.02.17,2,386103,65,,,,,,,,,,,,,,,
2018.02.17,2,305280,80,,,,,,,,,,,,,,,
2018.02.17,2,386790,99,,,,,,,,,,,,,,,
2018.02.17,2,394587,150,,,,,,,,,,,,,,,
2018.02.17,2,402369,177,,,,,,,,,,,,,,,
2018.02.17,2,306224,182,,,,,,,,,,,,,,,
2018.02.17,2,396941,190,,,,,,,,,,,,,,,
2018.02.17,2,402162,197,,,,,,,,,,,,,,,
2018.02.17,2,385464,198,,,,,,,,,,,,,,,
2018.02.17,2,394605,200,,,,,,,,,,,,,,,
2018.02.17,,,0,20,16,0.11,,,30,10,60,,,,,,,
2018.02.17,,,0,40,20,0.05,,,50,30,,20,,,,,,
2018.02.17,,,0,60,20,0.1,,40,30,30,,,,,,,,
2018.02.17,,,0,80,14,0.1,,80,20,,,,,,,,,
2018.02.17,,,0,100,13,0.07,,,30,,,70,,,,,,
2018.02.17,,,10,20,4,0.23,,,80,20,,,,,,,,
2018.02.17,,,10,40,5,0.32,,,80,20,,,,,,,,
2018.02.17,,,10,60,4,0.28,,,80,20,,,,,,,,
2018.02.17,,,10,80,7,0.12,,20,80,,,,,,,,,
2018.02.17,,,10,100,6,0.08,,20,30,50,,,,,,,,
2018.02.17,,,10,120,5,0.07,,,30,70,,,,,,,,
2018.02.17,,,20,20,4,0.01,,40,30,30,,,,,1,,,
2018.02.17,,,20,40,3,0,,60,20,,,20,,,,,,
2018.02.17,,,20,60,6,0.22,,,80,,20,,,,1,,,
2018.02.17,,,20,80,5,0.08,,60,40,,,,,,,,,
2018.02.17,,,20,100,6,0.01,,40,30,30,,,,,1,,,
2018.02.17,,,20,120,9,0.21,,,80,,,20,,,1,,,
2018.02.17,,,30,20,4,0.02,,,,,,,100,,1,,,
2018.02.17,,,30,40,7,0.1,,60,,,,,40,,1,,,
2018.02.17,,,30,60,13,0.01,,40,,60,,,,,,,,
2018.02.17,,,30,80,10,0.1,,40,60,,,,,,,,,
2018.02.17,,,30,100,7,0.03,,30,70,,,,,,,,,
2018.02.17,,,40,20,9,0.03,,,60,,,40,,,,,,
2018.02.17,,,40,40,10,0.01,,,80,,20,,,1,1,,,
2018.02.17,,,40,60,12,0.13,,,80,,20,,,1,,,,
2018.02.17,,,40,80,5,0.01,,,80,,20,,,,,1,,
2018.02.17,,,50,20,3,0.27,,,60,40,,,,,1,,,
2018.02.17,,,50,40,6,0.16,,,80,20,,,,,,,,
2018.02.17,,,50,60,4,0.25,,,60,40,,,,,,,,
2018.02.17,,,50,80,4,0.08,,,100,,,,,,,,,
2018.02.17,,,60,20,9,0,,10,50,40,,,,,,,,
2018.02.17,,,60,40,8,0.05,,,50,50,,,,,,,,
2018.02.17,,,60,60,8,0.01,,,70,30,,,,,,,,
2018.02.17,,,60,80,6,0.13,,40,40,20,,,,,,,,
2018.02.17,,,60,100,5,0,,,40,40,20,,,,1,,,
2018.02.17,,,70,20,7,0.01,,,,20,,80,,,1,,,
2018.02.17,,,70,40,9,0.04,,,20,,,80,,,,,,
2018.02.17,,,70,60,11,0,,,,20,80,,,,,,,
2018.02.17,,,70,80,10,0.11,,,80,,,,20,,,,,
2018.02.17,,,70,100,15,0,,,,,,,100,1,,,,
2018.02.17,,,80,20,18,0,,,80,,,,20,1,,,,
2018.02.17,,,80,40,22,0,,,60,,,,40,1,,,,
2018.02.17,,,80,60,19,0.06,,,80,,20,,,1,,,,
2018.02.17,,,80,80,16,0,,,,,80,,20,1,,,,
2018.02.17,,,90,20,5,0.14,,,60,,40,,,1,,,,
2018.02.17,,,90,40,9,0.04,,,,10,90,,,1,,,,
2018.02.17,,,90,60,11,0.19,,,80,,20,,,1,,,,
2018.02.17,,,90,80,5,0,,90,10,,,,,1,,,,
2018.02.17,,,100,20,32,0.03,,,,,80,20,,1,,,,
2018.02.17,,,100,40,34,0.04,,,,20,80,,,1,,,,
2018.02.17,,,100,60,34,0.04,,,80,,,,20,1,,,,
2018.02.17,,,100,80,35,0,,,,,20,,80,1,,,,
2018.02.17,,,100,100,32,0,,,80,,,,20,1,1,,,
2018.02.17,,,100,120,28,0.02,,,,,,,100,1,1,,,
2018.02.17,,,110,20,14,0.22,,,80,,20,,,1,,,,
2018.02.17,,,110,40,15,0.01,,,100,,,,,1,,,,
2018.02.17,,,110,60,16,0.03,,,40,60,,,,1,,,,
2018.02.17,,,110,80,13,0,,,100,,,,,1,,,,
2018.02.17,,,110,100,5,0.12,,,60,,,,40,1,,,,
2018.02.17,,,120,20,7,0.36,,,20,,80,,,,,,,
2018.02.17,,,120,40,7,0.21,,,80,20,,,,,,,,
2018.02.17,,,120,60,6,0.02,,,,100,,,,1,,,,
2018.02.17,,,120,80,7,0.51,,,90,10,,,,,,,,
2018.02.17,,,120,100,10,0.55,,,100,,,,,1,,,,
2018.02.17,,,130,20,14,0.02,,100,,,,,,1,,,1,
2018.02.17,,,130,40,16,0.09,,,90,10,,,,1,,,,
2018.02.17,,,130,60,22,0,,,,100,,,,1,,,,
2018.02.17,,,130,80,21,0.05,,90,,,10,,,1,,,,
2018.02.17,,,140,20,5,0.03,,,60,,40,,,1,,,,
2018.02.17,,,140,40,11,0.22,,,40,60,,,,1,,,,
2018.02.17,,,140,60,9,0.12,,30,,70,,,,1,,,,
2018.02.17,,,140,80,12,0.11,,,40,60,,,,,,,,
2018.02.17,,,140,100,9,0.04,,,,40,,,60,1,,,,
2018.02.17,,,150,20,12,0.21,,,50,30,20,,,,,,,
2018.02.17,,,150,40,12,0,,,,80,20,,,1,,,,
2018.02.17,,,150,60,8,0.02,,,,80,20,,,,1,,1,
2018.02.17,,,150,80,6,0.05,,,,20,80,,,,1,,,
2018.02.17,,,160,20,12,0.27,,,90,10,,,,1,,1,,
2018.02.17,,,160,40,5,0.01,,30,,70,,,,,,,,
2018.02.17,,,160,60,6,0,,,,80,20,,,,,,,
2018.02.17,,,170,20,6,0,,80,,20,,,,,,,,
2018.02.17,,,170,40,8,0.09,,40,50,10,,,,,,1,,
2018.02.17,,,180,20,18,0,,,,,10,20,70,1,1,,,
2018.02.17,,,180,40,20,0.01,,10,30,30,30,,,1,,,,
2018.02.17,,,180,60,21,0,,,60,,,,40,,,,,
2018.02.17,,,180,80,13,0.02,,,,,,,100,1,1,,,
2018.02.17,,,190,20,22,0.02,,,20,50,,,30,1,,,,
2018.02.17,,,190,40,24,0.07,,,60,40,,,,1,,,,
2018.02.17,,,190,60,24,0.02,,,,40,,,60,,,,,
2018.02.17,,,190,80,24,0.04,,,40,,40,,20,1,,,,
2018.02.17,,,190,100,18,0.02,,,,,,,100,1,,,,
2018.02.17,,,200,20,11,0.05,,,80,20,,,,1,,,,
2018.02.17,,,200,40,16,0.12,,40,60,,,,,,,,,
2018.02.17,,,200,60,12,0.11,,60,20,20,,,,,,,,
2018.02.17,,,200,80,8,0.04,,,,,100,,,1,,,,
2018.03.17,1,387550,-15,,,,,,,,,,,,,,,
2018.03.17,1,397419,1,,24,0,,40,60,,,,,,,,,
2018.03.17,1,401032,4,,18,0.01,,90,10,,,,,,,,,
2018.03.17,1,306750,9,,10,0.18,,,90,10,,,,,,,,
2018.03.17,1,306236,18,,8,0.17,,20,80,,,,,,1,,,
2018.03.17,1,386790,23,,9,0.07,,,60,,,,40,1,1,,,
2018.03.17,1,304497,28,,23,0.01,,40,,,,60,,1,1,,,
2018.03.17,1,400116,34,,10,0.13,,,100,,,,,,1,,,
2018.03.17,1,385905,48,,15,0,,,80,,,,20,,,,,
2018.03.17,1,400288,58,,9,0.19,,,100,,,,,,,,,
2018.03.17,1,401097,77,,14,0.11,,90,10,,,,,1,,,,
2018.03.17,1,395226,109,,13,0.07,,,80,10,10,,,1,,,,
2018.03.17,1,387898,110,,14,0.04,,20,40,40,,,,1,,,,
2018.03.17,,,0,20,16,0.09,,,40,60,,,,,,,,
2018.03.17,,,,40,12,0.11,,80,20,,,,,,,,,
2018.03.17,,,,60,9,0.05,,60,40,,,,,,,,,
2018.03.17,,,,80,11,0,,,60,40,,,,,,,,
2018.03.17,,,10,20,3,0.24,,20,80,,,,,1,,,,
2018.03.17,,,,40,5,0.08,,,80,20,,,,1,,,,
2018.03.17,,,,60,9,0.21,,,100,,,,,,,,,
2018.03.17,,,,80,6,0.05,,,90,10,,,,,,,,
2018.03.17,,,,100,5,0.07,,10,20,70,,,,,,,,
2018.03.17,,,,120,4,0,,,80,20,,,,1,,,,
2018.03.17,,,20,20,3,0,,80,20,,,,,,1,,,
2018.03.17,,,,40,5,0,,70,30,,,,,,1,,,
2018.03.17,,,,60,4,0,,,100,,,,,,,,,
2018.03.17,,,,80,5,0.09,,30,70,,,,,,,,,
2018.03.17,,,,100,0,0,,100,,,,,,,,,,
2018.03.17,,,,120,7,0.08,,,100,,,,,,1,,,
2018.03.17,,,30,20,1,0,,,,,,,100,,1,,,
2018.03.17,,,,40,6,0,,,80,,,,20,,1,,,
2018.03.17,,,,60,5,0.05,,,100,,,,,,1,,,
2018.03.17,,,,80,7,0.04,,,100,,,,,,1,,,
2018.03.17,,,,100,6,0.03,,,90,,10,,,,1,,,
2018.03.17,,,,120,10,0.06,,,100,,,,,,1,,,
2018.03.17,,,40,20,10,0.1,,,80,20,,,,,,,,
2018.03.17,,,,40,9,0,,,100,,,,,1,1,,,
2018.03.17,,,,60,10,0.14,,,90,10,,,,1,1,,,
2018.03.17,,,,80,8,0.2,,,80,20,,,,,1,1,,
2018.03.17,,,50,20,2,0,,20,60,,,,20,,1,,,
2018.03.17,,,,40,8,0.23,,,80,20,,,,,1,,,
2018.03.17,,,,60,4,0.08,,,100,,,,,,1,,,
2018.03.17,,,,80,5,0.19,,,90,10,,,,,,,,
2018.03.17,,,,100,6,0.08,,,80,,,,20,,1,,,
2018.03.17,,,60,20,8,0.05,,,60,40,,,,,,,,
2018.03.17,,,,40,7,0.01,,40,40,20,,,,,,,,
2018.03.17,,,,60,9,0.28,,,40,60,,,,,,,,
2018.03.17,,,,80,4,0.08,,,100,,,,,,1,,,
2018.03.17,,,,100,5,0.06,,,30,30,40,,,,,,,
2018.03.17,,,70,20,7,0.04,,,10,,30,,60,,1,,,
2018.03.17,,,,40,13,0,,,20,,40,,40,,1,,,
2018.03.17,,,,60,10,0.13,,,60,,,,40,,1,,,
2018.03.17,,,,80,12,0.07,,,40,60,,,,1,,,,
2018.03.17,,,80,20,14,0,,,10,,,,90,1,,,,
2018.03.17,,,,40,20,0.26,,,40,,40,,20,,,,,
2018.03.17,,,,60,18,0.06,,,80,,,,20,1,,,,
2018.03.17,,,,80,17,0.02,,,,,10,,90,1,,,,
2018.03.17,,,90,20,5,0.25,,,80,20,,,,1,,,,
2018.03.17,,,,40,8,0.21,,,70,,30,,,1,,,,
2018.03.17,,,,60,8,0.17,,,90,10,,,,1,,,,
2018.03.17,,,,80,4,0.05,,,,30,70,,,1,,,,
2018.03.17,,,100,20,30,0.03,,,30,,70,,,1,,,,
2018.03.17,,,,40,31,0,,,80,,,,20,1,,,,
2018.03.17,,,100,60,31,0,,,,40,,,60,1,,,,
2018.03.17,,,,80,34,0.02,,,,,,,100,1,,,,
2018.03.17,,,,100,32,0,,,,,,,100,1,,,,
2018.03.17,,,,120,24,0,,,,,,,100,1,,,,
2018.03.17,,,120,20,3,0.08,,20,30,20,30,,,,,,,
2018.03.17,,,,40,6,0.14,,50,30,,20,,,,,,,
2018.03.17,,,,60,5,0.15,,10,60,,30,,,,,,,
2018.03.17,,,,80,7,0.01,,,60,40,,,,,,,,
2018.03.17,,,,100,5,0.05,,,20,20,60,,,1,,,,
2018.03.17,,,130,20,18,0.01,,,80,20,,,,,,,,
2018.03.17,,,,40,23,0.08,,70,30,,,,,1,,,,
2018.03.17,,,,60,18,0.05,,90,10,,,,,1,,,,
2018.03.17,,,140,20,10,0.01,,,30,40,30,,,1,,,,
2018.03.17,,,,40,10,0.11,,,100,,,,,1,,,,
2018.03.17,,,,60,11,0.13,,,50,50,,,,,,,,
2018.03.17,,,,80,9,0.02,,,,20,,,80,1,,,,
2018.03.17,,,150,20,10,0.05,,,60,40,,,,1,,,,
2018.03.17,,,,40,12,0.15,,40,,60,,,,1,,,,
2018.03.17,,,,60,11,0.07,,,20,60,20,,,1,1,,,
2018.03.17,,,,80,5,0,,,,,,,100,1,1,,,
2018.03.17,,,160,20,10,0.2,,,100,,,,,1,,,,
2018.03.17,,,,40,8,0.27,,,100,,,,,,,,,
2018.03.17,,,,60,11,0.17,,,90,10,,,,,,,,
2018.03.17,,,170,20,4,0,,,,100,,,,1,,,,
2018.03.17,,,,40,6,0,,,,100,,,,,,,,
2018.03.17,,,,60,7,0.06,,60,20,20,,,,,,,,
2018.03.17,,,,80,5,0,,,60,40,,,,,,,,
2018.03.17,,,,100,10,0.38,,,80,20,,,,,,,,
2018.03.17,,,180,20,14,0,,,,,,,100,1,1,,,
2018.03.17,,,,40,19,0.1,,,,20,40,,40,,,,,
2018.03.17,,,,60,17,0.06,,,,60,,,40,,,,,
2018.03.17,,,,80,9,0.02,,,,,,,100,,1,,,
2018.03.17,,,190,20,21,0,,,,,40,,60,1,,,,
2018.03.17,,,,40,23,0.03,,,60,20,20,,,1,,,,
2018.03.17,,,,60,22,0,,60,,,,,40,1,,,,
2018.03.17,,,,80,22,0.03,,,80,,,,20,,,,,
2018.03.17,,,,100,14,0,,,,,,,100,1,,,,
2018.03.17,,,,120,12,0,,,,,,,100,,,1,,
2018.03.17,,,200,20,12,0.01,,,100,,,,,,,,,
2018.03.17,,,,40,17,0.09,,60,40,,,,,,,,,
2018.03.17,,,,60,15,0.1,,,,,,,,,,,,
2018.03.17,,,,80,10,0.9,,,100,,,,,,,,,
2018.03.17,,,,100,12,0.8,,,,40,60,,,1,,,,
2018.03.28,1,387550,-15,,18,0.17,50,,50,,,,,,,,,moved when disturbed
2018.03.28,1,397419,3,,22,0.05,,,100,,,,,1,,,,
2018.03.28,1,306236,18,,9,0.05,,40,60,,,,,,1,,,moved when disturbed
2018.03.28,1,395410,18,,5,0.05,,,80,20,,,,,1,,,stat
2018.03.28,1,395226,18,,6,0.17,,20,80,,,,,,1,,,
2018.03.28,1,400116,32,,6,0.01,,20,80,,,,,,1,,,
2018.03.28,1,397049,35,,10,0.12,,,80,20,,,,,1,,,stat?
2018.03.28,1,398543,35,,13,0.11,,80,20,,,,,1,1,,,
2018.03.28,1,385905,48,,15,0,,,80,,,,20,,1,,,stat
2018.03.28,1,400288,58,,20,0.04,,,100,,,,,1,,,,moved when disturbed
2018.03.28,1,386103,65,,6,0.05,,,60,20,,,20,1,1,,,stat
2018.03.28,1,305280,75,,17,0.07,,40,20,,20,,20,,,,,
2018.03.28,1,401097,78,,8,0.08,,100,,,,,,1,1,,,
2018.03.28,1,387898,111,,14,0.1,,60,20,20,,,,1,,,,stat
2018.03.28,1,387435,129,,17,0.03,,60,30,10,,,,,,,,Alive
2018.03.28,1,397443,159,,14,0,,80,20,,,,,1,,,,
2018.03.28,1,305901,161,,6,0.17,,,60,40,,,,,1,,,
2018.03.28,1,306224,182,,39,0.02,,,,,,,100,1,,,1,stat
2018.03.28,1,306346,185,,28,0,,,,,,,100,1,1,,1,
2018.03.28,1,394605,189,,24,0,,,,20,,,80,,1,1,,Alive
2018.03.28,1,385464,192,,16,0,,,10,30,60,,,1,,,,moved when disturbed
2018.03.28,1,402162,197,,14,0.02,,,40,30,30,,,,,,,moved when disturbed
2018.03.28,2,401032,4,,,,,,,,,,,,,,,
2018.03.28,2,397419,11,,,,,,,,,,,,,,,
2018.03.28,2,386790,18,,,,,,,,,,,,,,,
2018.03.28,2,304497,26,,,,,,,,,,,,,,,
2018.03.28,2,400116,32,,,,,,,,,,,,,,,Alive
2018.03.28,2,397049,35,,,,,,,,,,,,,,,stat
2018.03.28,2,385905,48,,,,,,,,,,,,,,,stat
2018.03.28,2,386103,65,,,,,,,,,,,,,,,stat
2018.03.28,2,305280,75,,,,,,,,,,,,,,,stat
2018.03.28,2,401097,78,,,,,,,,,,,,,,,moved when disturbed
2018.03.28,2,394587,152,,,,,,,,,,,,,,,
2018.03.28,2,397443,159,,,,,,,,,,,,,,,moved when disturbed
2018.03.28,2,305901,161,,,,,,,,,,,,,,,stat
2018.03.28,2,306224,182,,,,,,,,,,,,,,,stat
2018.03.28,,,0,20,17,0.08,,30,40,30,,,,,,,,
2018.03.28,,,0,40,20,0,,40,40,20,,,,,,,,
2018.03.28,,,0,60,21,0.04,,80,15,5,,,,,,,,
2018.03.28,,,0,80,8,0,,,40,,,,60,,,,,
2018.03.28,,,0,100,10,0.02,,,,10,,,90,,1,,,
2018.03.28,,,10,20,4,0.21,,,90,10,,,,1,1,,,
2018.03.28,,,10,40,7,0.2,,,100,,,,,1,1,,,
2018.03.28,,,10,60,3,0.12,,90,10,,,,,,1,,,
2018.03.28,,,10,80,7,0.4,,80,20,,,,,,1,,,
2018.03.28,,,10,100,6,0.1,,70,20,10,,,,,1,,,
2018.03.28,,,10,120,5,0.04,,30,40,30,,,,1,,,,
2018.03.28,,,20,20,2,0.05,,,60,,,20,20,,1,,,
2018.03.28,,,20,40,3,0.11,,20,60,,,,20,,1,,,
2018.03.28,,,20,60,5,0.15,,,80,,,20,,,1,,,
2018.03.28,,,20,80,5,0.09,,,100,,,,,,1,,,
2018.03.28,,,20,100,9,0.09,,20,70,,,,10,,,,,
2018.03.28,,,20,120,7,0.04,,,50,,,30,20,,1,,,
2018.03.28,,,30,20,4,0,,,,,,,100,,1,,,
2018.03.28,,,30,40,5,0,,50,20,,,,30,,1,,,
2018.03.28,,,30,60,9,0,,30,50,,,,20,,1,,,
2018.03.28,,,30,80,3,0.16,,,100,,,,,,1,,,
2018.03.28,,,30,100,10,0.23,,,100,,,,,,1,,,
2018.03.28,,,30,120,5,0.02,,40,20,,,,40,,1,,,
2018.03.28,,,40,20,7,0.06,,40,40,20,,,,,,,,
2018.03.28,,,40,40,7,0.06,,80,,20,,,,,1,,1,
2018.03.28,,,40,60,10,0.18,,,100,,,,,,1,1,,
2018.03.28,,,50,20,4,0.09,,,60,,,,40,,1,,,
2018.03.28,,,50,40,6,0.04,,,80,20,,,,,1,,,
2018.03.28,,,50,60,7,0.06,,,100,,,,,,1,,,
2018.03.28,,,50,80,7,0.09,,,100,,,,,,1,,,
2018.03.28,,,60,20,7,0.03,,,80,,,,20,,,,,
2018.03.28,,,60,40,6,0.05,,20,40,40,,,,,,,,
2018.03.28,,,60,60,9,0.3,,,40,60,,,,,,,,
2018.03.28,,,60,80,5,0.01,,20,60,20,,,,,1,,,
2018.03.28,,,60,100,4,0.08,,40,40,20,,,,,1,,,
2018.03.28,,,60,120,5,0,,,60,,20,20,,,1,,,
2018.03.28,,,70,20,3,0.03,,,40,,,,60,,1,,,
2018.03.28,,,70,40,10,0.05,,,20,,60,,20,,,,,
2018.03.28,,,70,60,10,0.05,,20,,,20,,60,,,,,
2018.03.28,,,70,80,13,0.12,,60,20,,20,,,1,1,,,
2018.03.28,,,70,100,10,0.04,,,40,,,,60,1,1,,,
2018.03.28,,,80,20,18,0.01,,,40,,,,60,1,1,,,
2018.03.28,,,80,40,21,0.05,,,40,,20,,40,1,,,,
2018.03.28,,,80,60,12,0.08,,60,30,,,,10,1,1,,,
2018.03.28,,,80,80,18,0.04,,,30,,,,70,1,,,,
2018.03.28,,,90,20,6,0.13,,,,20,80,,,1,,,,
2018.03.28,,,90,40,8,0.28,,,,40,60,,,1,,,,
2018.03.28,,,90,60,8,0.1,,,60,,40,,,1,,,,
2018.03.28,,,90,80,9,0.14,,,60,20,20,,,1,,,,
2018.03.28,,,90,100,3,0.06,,80,20,,,,,1,,,,
2018.03.28,,,100,20,27,0,,,60,,40,,,1,,,,
2018.03.28,,,100,40,32,0,,,80,,20,,,1,,,1,
2018.03.28,,,100,60,32,0.02,,,40,,20,,40,1,1,,,
2018.03.28,,,100,80,35,0.01,,,20,,20,,60,1,1,,,
2018.03.28,,,100,100,27,0,,,,,,,100,1,1,,,
2018.03.28,,,110,20,13,0.11,,,80,,20,,,1,,,,
2018.03.28,,,110,40,11,0.01,,,60,40,,,,1,1,,,
2018.03.28,,,110,60,10,0.17,,,100,,,,,1,1,,,
2018.03.28,,,110,80,10,0.02,,,80,20,,,,1,,,,
2018.03.28,,,110,100,4,0.15,,,,20,80,,,1,,,,
2018.03.28,,,120,20,5,0.12,,,60,,40,,,,,,,
2018.03.28,,,120,40,6,0.08,,,80,,20,,,,1,,,
2018.03.28,,,120,60,7,0.18,,,60,,40,,,,,,,
2018.03.28,,,120,80,6,0.22,,,80,20,,,,1,,,,
2018.03.28,,,120,100,8,0.01,,,80,20,,,,1,,,,
2018.03.28,,,130,20,22,0.1,,,40,,,,60,1,1,,,
2018.03.28,,,130,40,26,0.05,,,100,,,,,1,,,,
2018.03.28,,,130,60,23,0.07,,60,40,,,,,1,,,,
2018.03.28,,,130,80,25,0.05,,60,,,40,,,1,,,,
2018.03.28,,,140,20,7,0.22,,,80,,20,,,1,,,,
2018.03.28,,,140,40,12,0.1,,,,100,,,,1,,,,
2018.03.28,,,140,60,10,0.03,,,20,80,,,,1,,,,
2018.03.28,,,140,80,9,0.06,,,20,30,50,,,,,,,
2018.03.28,,,150,20,13,0.17,,,80,,20,,,1,,,,
2018.03.28,,,150,40,14,0.02,,20,,80,,,,1,,,,
2018.03.28,,,150,60,14,0,,40,40,,20,,,1,,,,
2018.03.28,,,150,80,9,0,,,,,100,,,1,1,,,
2018.03.28,,,160,20,6,0.43,,,100,,,,,,1,,,
2018.03.28,,,160,40,5,0.07,,,100,,,,,,1,,,
2018.03.28,,,160,60,9,0.14,,50,50,,,,,,,,,
2018.03.28,,,170,20,3,0,,40,,,60,,,1,,,,
2018.03.28,,,170,40,4,0.05,,,,20,80,,,1,,,,
2018.03.28,,,170,60,4,0.07,,20,,,80,,,,,,,
2018.03.28,,,170,80,6,0.05,,60,,,40,,,,,,,
2018.03.28,,,170,100,7,0.15,,40,,40,20,,,,1,,,
2018.03.28,,,170,120,9,0.2,,80,,20,,,,1,1,,,
2018.03.28,,,180,20,18,0.01,,,,,30,,70,1,1,,,
2018.03.28,,,180,40,18,0.04,,,,20,80,,,,,,,
2018.03.28,,,180,60,19,0.08,,,20,,,,80,,,,1,
2018.03.28,,,180,80,9,0.05,,,10,,,,90,1,1,,,
2018.03.28,,,190,20,20,0,,,60,,,,40,1,,,,
2018.03.28,,,190,40,20,0.05,,80,10,,,,10,1,,,,
2018.03.28,,,190,60,23,0.03,,,40,,60,,,1,,,,
2018.03.28,,,190,80,24,0,,80,,,,,20,1,,,,
2018.03.28,,,190,100,23,0.01,,80,,,10,,10,1,,,,
2018.03.28,,,190,120,23,0.05,,,,20,60,,20,1,,,,
2018.03.28,,,190,140,20,0,,,,,,,100,1,1,,,
2018.03.28,,,190,160,19,0.02,,,,,,,100,1,1,,,
2018.03.28,,,200,20,8,0.14,,,80,20,,,,1,,,,
2018.03.28,,,200,40,12,0.17,,90,10,,,,,,,,1,
2018.03.28,,,200,60,18,0.03,,,100,,,,,,,,,
2018.03.28,,,200,80,7,0,,60,20,20,,,,,,,1,
2018.03.28,,,200,100,5,0.18,,80,20,,,,,1,,,,
2018.03.28,,,200,120,2,0.01,,,,20,80,,,1,,,,
2018.04.14,1,306236,23,,13,0.08,,75,25,,,,,1,,,1,
2018.04.14,1,304497,26,,18,0.06,,,20,,,,80,,1,,1,
2018.04.14,1,400116,31,,5,0.03,,,60,,,,40,,1,,,
2018.04.14,1,397049,33,,15,0.02,,60,20,,20,,,,1,,,
2018.04.14,1,398543,41,,7,0.06,,20,80,,,,,1,1,,,
2018.04.14,1,385905,48,,19,0,,20,80,,,,,,1,,,
2018.04.14,1,305280,73,,23,0,,100,,,,,,1,1,,,
2018.04.14,1,401097,75,,20,0.05,,,80,20,,,,,1,,,
2018.04.14,1,397443,129,,16,0.01,,,100,,,,,,,,,
2018.04.14,1,305901,161,,12,0.48,,,80,20,,,,,,,,
2018.04.14,1,306224,182,,41,0,,,,,,,100,,1,1,,
2018.04.14,1,306346,185,,17,0.05,,,,,,,100,,1,,,
2018.04.14,1,396941,190,,27,0,,,,40,,,60,1,,,,
2018.04.14,1,394605,195,,7,0.2,,,40,40,20,,,1,,,,
2018.04.14,2,400116,32,,,,,,,,,,,,,,,
2018.04.14,2,397049,33,,,,,,,,,,,,,,,
2018.04.14,2,398543,36,,,,,,,,,,,,,,,
2018.04.14,2,385905,48,,,,,,,,,,,,,,,
2018.04.14,2,305280,77,,,,,,,,,,,,,,,
2018.04.14,2,401097,77,,,,,,,,,,,,,,,
2018.04.14,2,396010,90,,,,,,,,,,,,,,,
2018.04.14,2,305901,165,,,,,,,,,,,,,,,
2018.04.14,2,306224,182,,,,,,,,,,,,,,,
2018.04.14,2,306346,185,,,,,,,,,,,,,,,
2018.04.14,2,396941,190,,,,,,,,,,,,,,,
2018.04.14,2,402162,197,,,,,,,,,,,,,,,
2018.04.14,,,0,20,21,0,,,,80,20,,,,,,,
2018.04.14,,,0,40,20,0.05,,20,40,,40,,,,,,,
2018.04.14,,,0,60,15,0.09,,80,10,10,,,,,,,,
2018.04.14,,,0,80,16,0.03,,80,20,,,,,,,,,
2018.04.14,,,0,100,8,0,,,,,,,100,,1,,,
2018.04.14,,,10,20,7,0.15,,,80,20,,,,1,1,,,
2018.04.14,,,10,40,5,0.18,,,100,,,,,1,1,,,
2018.04.14,,,10,60,9,0.19,,100,,,,,,1,1,,,
2018.04.14,,,10,80,11,0.13,,80,20,,,,,1,1,,,
2018.04.14,,,10,100,7,0.01,,20,30,50,,,,,,,,
2018.04.14,,,10,120,4,0.35,,30,50,20,,,,,,,,
2018.04.14,,,20,20,2,0.06,,80,20,,,,,,1,,,
2018.04.14,,,20,40,8,0.1,,80,20,,,,,,1,,,
2018.04.14,,,20,60,10,0,,,100,,,,,,1,,,
2018.04.14,,,20,80,9,0.4,,100,,,,,,,1,,,
2018.04.14,,,20,100,8,0.03,,100,,,,,,,1,,,
2018.04.14,,,20,120,8,0,,80,20,,,,,,1,,,
2018.04.14,,,30,20,6,0,,,,,,,100,,1,,,
2018.04.14,,,30,40,8,0.04,,40,,,,,60,,1,,,
2018.04.14,,,30,60,9,0,,60,40,,,,,,1,,,
2018.04.14,,,30,80,13,0.07,,80,20,,,,,,1,,,
2018.04.14,,,30,100,8,0.02,,100,,,,,,,1,,,
2018.04.14,,,40,20,11,0.13,,,100,,,,,,1,,,
2018.04.14,,,40,40,13,0,,60,40,,,,,,1,,,
2018.04.14,,,40,60,8,0.08,,,100,,,,,1,1,,1,
2018.04.14,,,40,80,6,0.03,,100,,,,,,1,,1,,
2018.04.14,,,50,20,2,0.13,,,100,,,,,,1,,,
2018.04.14,,,50,40,10,0.29,,,80,20,,,,,1,,,
2018.04.14,,,50,60,8,0.25,,,100,,,,,,1,,,
2018.04.14,,,50,80,7,0.61,,,100,,,,,,1,,,
2018.04.14,,,50,100,4,0.01,,,100,,,,,,1,,,
2018.04.14,,,60,20,11,0.04,,,80,20,,,,,1,,,
2018.04.14,,,60,40,11,0.01,,,60,40,,,,,,,,
2018.04.14,,,60,60,9,0.27,,,80,20,,,,,,,,
2018.04.14,,,60,80,8,0.07,,60,40,,,,,,1,,,
2018.04.14,,,60,100,9,0.02,,,70,30,,,,,1,,,
2018.04.14,,,60,120,7,0.08,,,60,40,,,,,1,,,
2018.04.14,,,70,20,8,0.1,,,,,,,100,,1,,,
2018.04.14,,,70,40,12,0,,,,,10,,90,,1,,,
2018.04.14,,,70,60,12,0.02,,,60,,20,,20,,,,,
2018.04.14,,,70,80,9,0.13,,90,,10,,,,,,,,
2018.04.14,,,70,100,13,0.01,,,90,,,,10,1,1,,,
2018.04.14,,,80,20,23,0.01,,30,,,,,70,1,1,,,
2018.04.14,,,80,40,21,0.04,,60,30,,,,10,1,,,,
2018.04.14,,,80,60,15,0.1,,90,,,,,10,1,1,,,
2018.04.14,,,80,80,20,0,,,,,90,,10,1,1,,,
2018.04.14,,,90,20,7,0,,,20,,80,,,1,,,,
2018.04.14,,,90,40,8,0.33,,,20,20,60,,,1,,,,
2018.04.14,,,90,60,4,0.3,,,80,,20,,,1,,,,
2018.04.14,,,90,80,8,0.1,,,,40,60,,,1,,,,
2018.04.14,,,90,100,5,0.26,,80,,20,,,,,,,,
2018.04.14,,,90,120,3,0.01,,,,20,60,,,1,,,1,
2018.04.14,,,100,20,30,0.07,,,60,,40,,,1,,,,
2018.04.14,,,100,40,33,0.02,,,40,,20,,40,1,1,,,
2018.04.14,,,100,60,34,0,,80,10,,,,10,1,1,,,
2018.04.14,,,100,80,33,0.1,,,,,,,100,1,1,,,
2018.04.14,,,100,100,28,0,,20,,,,,80,1,1,,,
2018.04.14,,,100,120,28,0,,,,,,,100,1,1,,,
2018.04.14,,,110,20,3,0.42,,,100,,,,,1,,,,
2018.04.14,,,110,40,13,0.17,,,100,,,,,1,,,,
2018.04.14,,,110,60,13,0.06,,,80,,20,,,1,,,,
2018.04.14,,,110,80,13,0,,,,60,40,,,1,,,,
2018.04.14,,,110,100,10,0,,,80,,20,,,1,,,,
2018.04.14,,,110,120,3,0,,,20,,80,,,1,,,,
2018.04.14,,,120,20,5,0.1,,80,,,20,,,,,,,
2018.04.14,,,120,40,4,0.12,,,100,,,,,,1,,,
2018.04.14,,,120,60,2,0,,100,,,,,,,,,,
2018.04.14,,,120,80,7,0.7,,,100,,,,,,,,,
2018.04.14,,,120,100,3,0.6,,,100,,,,,1,,,,
2018.04.14,,,120,120,6,0.3,,,80,20,,,,1,,,,
2018.04.14,,,120,140,7,0.18,,30,60,,10,,,1,,,,
2018.04.14,,,130,20,27,0.05,,,80,,20,,,1,,,,
2018.04.14,,,130,40,22,0.18,,100,,,,,,1,,,,
2018.04.14,,,130,60,22,0,,100,,,,,,,,,,
2018.04.14,,,140,20,6,0.01,,,80,,20,,,1,,,,
2018.04.14,,,140,40,11,0.15,,,90,,10,,,1,,,,
2018.04.14,,,140,60,14,0.22,,20,,80,,,,1,,,,
2018.04.14,,,140,80,12,0.24,,,10,60,30,,,1,,,,
2018.04.14,,,140,100,8,0.05,,,70,30,,,,1,,,,
2018.04.14,,,150,20,12,0.17,,,90,,10,,,1,,,,
2018.04.14,,,150,40,16,0.22,,,80,,20,,,1,,,,
2018.04.14,,,150,60,15,0.11,,90,,,10,,,1,,,,
2018.04.14,,,150,80,12,0,,,,,100,,,1,1,,,
2018.04.14,,,150,100,10,0,,,,,,,100,1,1,,,
2018.04.14,,,160,20,13,0.11,,100,,,,,,1,1,,,
2018.04.14,,,160,40,3,0.11,,100,,,,,,1,1,,,
2018.04.14,,,160,60,6,0.12,,80,20,,,,,1,,,,
2018.04.14,,,170,20,5,0.15,,,,80,20,,,1,,,,
2018.04.14,,,170,40,5,0.08,,,,,100,,,,,,,
2018.04.14,,,170,60,8,0.16,,10,80,,10,,,,,,,
2018.04.14,,,170,80,8,0.02,,,,80,20,,,,,,,
2018.04.14,,,170,100,6,0.15,,,60,40,,,,,,,,
2018.04.14,,,170,120,11,0.56,,,100,,,,,1,1,,,
2018.04.14,,,180,20,19,0.01,,,,,,,100,1,1,,,
2018.04.14,,,180,40,20,0.09,,,30,,30,,40,1,,,,
2018.04.14,,,180,60,21,0.05,,,40,30,,,30,,,,,
2018.04.14,,,180,80,16,0.08,,,60,,,,40,,1,,,
2018.04.14,,,190,20,20,0,,,40,,,,60,1,,,,
2018.04.14,,,190,40,25,0,,,30,30,,,40,1,,,1,
2018.04.14,,,190,60,25,0.01,,,40,40,,,20,,,,,
2018.04.14,,,190,80,26,0.04,,,20,,40,,40,1,,,,
2018.04.14,,,190,100,24,0,,,40,,,,60,1,,,,
2018.04.14,,,190,120,20,0,,,20,,,,80,1,,,,
2018.04.14,,,190,140,17,0,,,,,,,100,,1,1,,
2018.04.14,,,200,20,14,0.34,,,100,,,,,1,,1,,
2018.04.14,,,200,40,16,0,,,100,,,,,,,,,
2018.04.14,,,200,60,15,0.1,,,60,40,,,,,,,,
2018.04.14,,,200,80,11,0,,,40,20,,,,1,,,,
2018.04.27,1,387550,0,,21,0.03,,80,10,,,,10,,,,,
2018.04.27,1,397049,35,,10,0.05,,,100,,,,,,1,,,
2018.04.27,1,398543,41,,7,0.07,,,100,,,,,1,1,,,
2018.04.27,1,402162,197,,10,0.06,,20,60,20,,,,1,,,,
2018.04.27,2,387550,0,,,,,,,,,,,,,,,
2018.04.27,2,397049,34,,,,,,,,,,,,,,,
2018.04.27,2,400288,58,,,,,,,,,,,,,,,
2018.04.27,2,396010,92,,,,,,,,,,,,,,,
2018.04.27,2,387435,128,,,,,,,,,,,,,,,
2018.04.27,,,0,20,19,0,,,20,60,20,,,,,,,
2018.04.27,,,0,40,18,0.05,,40,30,20,,,10,,,,,
2018.04.27,,,0,60,18,0.05,,80,,,,,20,,,,,
2018.04.27,,,0,80,13,0.05,,20,20,,,,60,,,,,
2018.04.27,,,0,100,6,0,,,,,,,100,,1,,,
2018.04.27,,,10,20,8,0.04,,,40,60,,,,1,,,,
2018.04.27,,,10,40,5,0.01,,,100,,,,,1,1,,,
2018.04.27,,,10,60,13,0.06,,,80,20,,,,1,1,,,
2018.04.27,,,10,80,8,0.13,,,80,20,,,,,1,,,
2018.04.27,,,10,100,7,0.02,,,20,80,,,,,1,,,
2018.04.27,,,10,120,3,0.07,,,,100,,,,,,,,
2018.04.27,,,20,20,4,0,,40,,,,,60,,1,,,
2018.04.27,,,20,40,2,0,,100,,,,,,,1,,,
2018.04.27,,,20,60,5,0,,,80,20,,,,,1,,,
2018.04.27,,,20,80,6,0.08,,10,70,20,,,,,,,,
2018.04.27,,,20,100,5,0.01,,,40,,,,60,,1,,,
2018.04.27,,,20,120,5,0,,,40,,60,,,,1,,,
2018.04.27,,,30,20,2,0,,,,,,,100,,1,,,
2018.04.27,,,30,40,7,0,,,,,,,100,,1,,,
2018.04.27,,,30,60,10,0.05,,,100,,,,,,1,,,
2018.04.27,,,30,80,10,0.08,,,80,20,,,,,1,,,
2018.04.27,,,30,100,7,0.15,,40,60,,,,,,1,,,
2018.04.27,,,40,20,8,0.07,,,30,70,,,,,1,,,
2018.04.27,,,40,40,8,0,,60,40,,,,,,1,,,
2018.04.27,,,40,60,10,0.15,,,40,60,,,,1,1,,,
2018.04.27,,,40,80,2,0,,,60,,,,40,1,1,,,
2018.04.27,,,50,20,4,0.03,,,20,80,,,,,1,,,
2018.04.27,,,50,40,10,0.08,,,100,,,,,,1,,,
2018.04.27,,,50,60,6,0.4,,,100,,,,,,1,,,
2018.04.27,,,50,80,9,0,,,100,,,,,,1,,,
2018.04.27,,,50,100,3,0,,100,,,,,,,1,,,
2018.04.27,,,60,20,11,0,,,70,30,,,,,1,,,
2018.04.27,,,60,40,7,0.02,,30,,70,,,,,,,,
2018.04.27,,,60,60,9,0.2,,20,80,,,,,,1,,,
2018.04.27,,,60,80,4,0.04,,,70,30,,,,,1,,,
2018.04.27,,,60,100,6,0.05,,,60,40,,,,,1,,,
2018.04.27,,,60,120,5,0.13,,,30,,60,,10,,1,,,
2018.04.27,,,70,20,8,0.07,,,,,,,100,,1,,,
2018.04.27,,,70,40,9,0.04,,,,,,,100,,1,,,
2018.04.27,,,70,60,10,0.06,,,,,10,,90,1,,,,
2018.04.27,,,70,80,10,0.1,,,40,,,,60,1,1,,,
2018.04.27,,,70,100,11,0.04,,,60,,,,40,1,1,,,
2018.04.27,,,70,120,7,0.01,,,,,,,100,1,1,,,
2018.04.27,,,80,20,19,0,,,,,,,100,1,,,1,
2018.04.27,,,80,40,21,0.02,,,,,20,,80,1,,,,
2018.04.27,,,80,60,18,0.05,,,,,20,,80,1,,,,
2018.04.27,,,80,80,19,0,,,,,30,,70,1,,,,
2018.04.27,,,80,100,17,0,,,,,,,100,1,,,,
2018.04.27,,,90,20,3,0.21,,,,60,40,,,1,,,,
2018.04.27,,,90,40,9,0.22,,,40,60,,,,1,,,,
2018.04.27,,,90,60,8,0.11,,,,40,60,,,1,,,1,
2018.04.27,,,90,80,4,0,,,,,100,,,1,,,,
2018.04.27,,,100,20,27,0.08,,100,,,,,,1,,,,
2018.04.27,,,100,40,32,0.03,,,60,,,,40,1,,,,
2018.04.27,,,100,60,29,0,,,40,,,,60,1,1,,,
2018.04.27,,,100,80,30,0.05,,100,,,,,,,1,,,
2018.04.27,,,100,100,25,0,,,,,,,100,1,1,,,
2018.04.27,,,110,20,9,0.01,,,,80,20,,,1,,,1,
2018.04.27,,,110,40,8,0.07,,,90,10,,,,1,,,1,
2018.04.27,,,110,60,15,0.1,,,100,,,,,1,,,,
2018.04.27,,,110,80,10,0.11,,60,,20,,,,1,,,,
2018.04.27,,,110,100,13,0.05,,,100,,,,,1,,,,
2018.04.27,,,110,120,9,0.06,,100,,,,,,1,,,,
2018.04.27,,,110,140,3,0,,,,,100,,,1,,,,
2018.04.27,,,120,20,6,0.2,,,60,,40,,,,,,,
2018.04.27,,,120,40,6,0.35,,80,,,20,,,,,,,
2018.04.27,,,120,60,4,0.1,,40,60,,,,,,,,,
2018.04.27,,,120,80,8,0.06,,,40,60,,,,1,,,,
2018.04.27,,,120,100,8,0.05,,,40,60,,,,1,,,,
2018.04.27,,,120,120,10,0.42,,,100,,,,,1,,,,
2018.04.27,,,130,20,20,0.06,,,80,20,,,,1,,,,
2018.04.27,,,130,40,23,0.03,,100,,,,,,1,,,,
2018.04.27,,,130,60,25,0,,100,,,,,,1,,,,
2018.04.27,,,140,20,9,0,,,80,20,,,,1,,,,
2018.04.27,,,140,40,12,0.18,,,,80,20,,,1,,,,
2018.04.27,,,140,60,11,0.12,,,40,60,,,,1,,,,
2018.04.27,,,140,80,9,0.1,,,30,70,,,,,,,,
2018.04.27,,,140,100,8,0,,,,,10,,90,,1,1,,
2018.04.27,,,150,20,13,0.05,,,60,,40,,,1,,,,
2018.04.27,,,150,40,13,0.09,,,10,40,50,,,1,,,,
2018.04.27,,,150,60,12,0,,60,30,10,,,,,,,,
2018.04.27,,,150,80,10,0.07,,,,,100,,,,1,,,
2018.04.27,,,150,100,5,0,,,,,,,100,1,1,,,
2018.04.27,,,160,20,10,0.09,,,100,,,,,1,,,,
2018.04.27,,,160,40,12,0.24,,100,,,,,,,1,,,
2018.04.27,,,160,60,8,0.24,,20,80,,,,,,,,,
2018.04.27,,,170,20,5,0.04,,,,60,40,,,1,,,,
2018.04.27,,,170,40,4,0.12,,30,,,70,,,1,,,,
2018.04.27,,,170,60,7,0.03,,100,,,,,,,,,,
2018.04.27,,,170,80,6,0,,60,,40,,,,,,,,
2018.04.27,,,170,100,11,0.49,,,100,,,,,,1,1,,
2018.04.27,,,180,20,16,0,,,,,,,100,1,1,,,
2018.04.27,,,180,40,15,0.03,,,,20,40,,40,,,,,
2018.04.27,,,180,60,19,0.11,,,,60,10,,30,,,,,
2018.04.27,,,180,80,15,0.01,,,,,,,100,,1,,,
2018.04.27,,,190,20,25,0.01,,,,,,,100,1,,1,,
2018.04.27,,,190,40,26,0,,,,,,,100,1,,,,
2018.04.27,,,190,60,24,0.02,,,,20,,,80,1,,,,
2018.04.27,,,190,80,24,0.03,,,40,,,,60,,,,,
2018.04.27,,,190,100,20,0,,,80,,,,20,1,,,,
2018.04.27,,,190,120,20,0,,,,,,,100,1,,,,
2018.04.27,,,190,140,18,0,,,,,,,100,1,,,,
2018.04.27,,,190,160,16,0,,,,,,,100,1,,1,,
2018.04.27,,,200,20,13,0.17,,,100,,,,,1,,,,
2018.04.27,,,200,40,11,0.4,,,80,20,,,,,,,,
2018.04.27,,,200,60,10,0.03,,20,80,,,,,,,,,
2018.04.27,,,200,80,11,0.03,,,80,20,,,,1,,,,
2018.05.17,1,387550,0,,23,0.01,,80,20,,,,,,,,,
2018.05.17,1,401032,2,,12,0,,100,,,,,,,,,,
2018.05.17,1,387898,110,,13,0.03,,10,80,10,,,,1,,,,
2018.05.17,1,385464,193,,12,0,,80,,20,,,,1,,,,
2018.05.17,2,387550,0,,,,,,,,,,,,,,,
2018.05.17,2,387898,110,,,,,,,,,,,,,,,
2018.05.17,2,396966,117,,,,,,,,,,,,,,,
2018.05.17,night,401032,2,,12,0,,100,,,,,,,,,,same spot as day time
2018.05.17,,,0,20,20,0.02,,,,60,40,,,,,,,
2018.05.17,,,0,40,20,0.06,,100,,,,,,,,,,
2018.05.17,,,0,60,20,0.03,,40,60,,,,,,,,,
2018.05.17,,,0,80,15,0.01,,,60,,,,40,,1,,,
2018.05.17,,,10,20,6,0.1,,,60,,,,40,1,1,,,
2018.05.17,,,10,40,6,0.25,,,100,,,,,1,,,,
2018.05.17,,,10,60,6,0.09,,,80,20,,,,,,,,
2018.05.17,,,10,80,12,0.18,,,80,20,,,,,1,,,
2018.05.17,,,10,100,7,0.08,,,60,40,,,,,1,,,
2018.05.17,,,10,120,5,0.19,,,,100,,,,,1,,,
2018.05.17,,,20,20,5,0,,40,,,,,60,,,,,
2018.05.17,,,20,40,2,0,,40,60,,,,,,1,,,
2018.05.17,,,20,60,7,0.12,,,100,,,,,,,,,
2018.05.17,,,20,80,8,0,,,100,,,,,,,,,
2018.05.17,,,20,100,6,0,,,100,,,,,,1,,,
2018.05.17,,,30,20,4,0,,,,,,,100,,1,,,
2018.05.17,,,30,40,3,0,,,,,,,100,,1,,,
2018.05.17,,,30,60,10,0.14,,,100,,,,,,1,,,
2018.05.17,,,30,80,5,0.22,,,100,,,,,,1,,,
2018.05.17,,,30,100,6,0.05,,,100,,,,,,1,,,
2018.05.17,,,40,20,9,0.17,,,80,20,,,,,1,,,
2018.05.17,,,40,40,6,0,,,60,40,,,,,1,,,
2018.05.17,,,40,60,9,0.05,,80,20,,,,,1,1,,,
2018.05.17,,,40,80,11,0.18,,40,40,,20,,,1,1,,,
2018.05.17,,,40,100,7,0.11,,,100,,,,,1,1,,,
2018.05.17,,,50,20,6,0.06,,,60,,40,,,,1,,,
2018.05.17,,,50,40,7,0.21,,,60,40,,,,,1,,,
2018.05.17,,,50,60,10,0.12,,,80,20,,,,,1,,,
2018.05.17,,,50,80,5,0.08,,100,,,,,,,,,,
2018.05.17,,,50,100,5,0,,,100,,,,,,1,,,
2018.05.17,,,60,20,8,0.01,,,100,,,,,,1,,,
2018.05.17,,,60,40,8,0,,20,60,20,,,,,,,,
2018.05.17,,,60,60,6,0.04,,,20,80,,,,,,,,
2018.05.17,,,60,80,7,0.17,,40,60,,,,,,,,,
2018.05.17,,,60,100,7,0.09,,,100,,,,,,1,,,
2018.05.17,,,60,120,7,0.06,,,30,,70,,,,1,,,
2018.05.17,,,70,20,7,0,,,,,,,100,,1,,,
2018.05.17,,,70,40,10,0,,,20,,,,80,,1,,,
2018.05.17,,,70,60,11,0.03,,40,,,,,60,1,1,,,
2018.05.17,,,70,80,13,0,,60,,,40,,,1,1,,,
2018.05.17,,,70,100,13,0.05,,,40,,,,60,,1,,,
2018.05.17,,,80,20,20,0,,,,,,,100,1,,,,
2018.05.17,,,80,40,22,0,,,40,,60,,,1,,,,
2018.05.17,,,80,60,22,0,,,60,,,,40,1,,,,
2018.05.17,,,80,80,18,0.01,,,,,10,,90,1,,,,
2018.05.17,,,80,100,20,0,,,,,,,100,1,,,,
2018.05.17,,,90,20,5,0.01,,,20,,80,,,1,,,,
2018.05.17,,,90,40,8,0.49,,,,,100,,,1,,,,
2018.05.17,,,90,60,8,0.01,,,60,,40,,,1,,,,
2018.05.17,,,90,80,18,0.4,,60,,,40,,,1,,,,
2018.05.17,,,100,20,28,0,,,60,40,,,,1,,,,
2018.05.17,,,100,40,22,0,,80,,,,,20,1,,,,
2018.05.17,,,100,60,26,0.03,,,60,,40,,,1,,,,
2018.05.17,,,100,80,25,0,,,80,20,,,,,,,,
2018.05.17,,,100,100,20,0,,,20,,,,80,1,,,,
2018.05.17,,,100,120,20,0,,,,,,,100,,1,,,
2018.05.17,,,100,140,10,0.04,,,,,,,100,1,1,,,
2018.05.17,,,110,20,13,0.02,,,60,40,,,,,,,,
2018.05.17,,,110,40,11,0.03,,,80,20,,,,,,,,
2018.05.17,,,110,60,11,0.1,,80,,20,,,,,,,,
2018.05.17,,,110,80,3,0.05,,80,20,,,,,1,,,,
2018.05.17,,,110,100,6,0.12,,,,20,80,,,1,,,,
2018.05.17,,,120,20,4,0.02,,,20,,80,,,,,,,
2018.05.17,,,120,40,4,0.11,,,100,,,,,,,,,
2018.05.17,,,120,60,9,0,,,80,20,,,,,,,,
2018.05.17,,,120,80,5,0.08,,,60,40,,,,1,,,,
2018.05.17,,,120,100,9,0.5,,,100,,,,,1,,,,
2018.05.17,,,130,20,23,0.05,,,100,,,,,1,,,,
2018.05.17,,,130,40,28,0.02,,80,20,,,,,1,,,,
2018.05.17,,,130,60,9,0.11,,100,,,,,,1,,,,
2018.05.17,,,130,80,21,0.04,,100,,,,,,1,,,,
2018.05.17,,,140,20,6,0.04,,,80,20,,,,1,,,,
2018.05.17,,,140,40,9,0.16,,,,100,,,,1,,,,
2018.05.17,,,140,60,11,0.06,,,,100,,,,1,,,,
2018.05.17,,,140,80,12,0.15,,,20,80,,,,,,,,
2018.05.17,,,140,100,9,0.04,,,,,80,,20,1,1,,,
2018.05.17,,,150,20,13,0.11,,,80,,20,,,1,,,,
2018.05.17,,,150,40,14,0.01,,100,,,,,,1,,,,
2018.05.17,,,150,60,10,0.04,,,,,20,,80,1,1,,,
2018.05.17,,,150,80,7,0.01,,,,,,,100,1,1,,,
2018.05.17,,,160,20,13,0.42,,,100,,,,,1,1,,,
2018.05.17,,,160,40,13,0.18,,,100,,,,,,,,,
2018.05.17,,,160,60,12,0.24,,20,80,,,,,,,,,
2018.05.17,,,170,20,4,0.03,,,30,70,,,,1,,,,
2018.05.17,,,170,40,4,0.08,,20,,,80,,,,,,,
2018.05.17,,,170,60,10,0.02,,80,,,20,,,,,,,
2018.05.17,,,170,80,7,0.08,,20,80,,,,,,1,,,
2018.05.17,,,170,100,9,0.5,,,100,,,,,1,,,,
2018.05.17,,,180,20,18,0,,,,,10,,90,,1,,,
2018.05.17,,,180,40,21,0.08,,,,80,20,,,,,,,
2018.05.17,,,180,60,16,0.05,,,60,,,,40,,1,,,
2018.05.17,,,180,80,5,0.02,,,,,,,100,,1,,,
2018.05.17,,,190,20,23,0.03,,,60,,,,40,1,,,,
2018.05.17,,,190,40,23,0,,,40,,,,60,1,,,,
2018.05.17,,,190,60,27,0.01,,,,,40,,60,1,,,,
2018.05.17,,,190,80,25,0.05,,,20,,,,80,1,,,,
2018.05.17,,,190,100,13,0,,,80,,,,20,1,,,,
2018.05.17,,,190,120,17,0.01,,,,,,,100,1,,,,
2018.05.17,,,190,140,12,0.01,,,,,,,100,1,,,,
2018.05.17,,,200,20,14,0.35,,,100,,,,,1,,,,
2018.05.17,,,200,40,8,0.11,,20,80,,,,,,,,,
2018.05.17,,,200,60,13,0.15,,,80,20,,,,1,,,,
2018.05.17,,,200,80,12,0,,20,,,80,,,1,,,,
2018.06.02,1,401097,77,,16,0.12,,100,,,,,,1,,,,Alive - moved when disturbed
2018.06.02,1,396966,117,,,,,,,,,,,,,,,dummy tag recovered
2018.06.02,1,398343,192,,12,0.06,,80,20,,,,,1,,,,"First detection since release, Alive - moved when disturbed"
2018.06.02,2,400288,55,,8,0.04,,100,,,,,,,1,,,Alive (fish seen)
2018.06.02,2,401097,76,,,,,,,,,,,,,,,
2018.06.02,2,401097,86,,,,,,,,,,,,,,,Alive (fish moved upstream)
2018.06.02,,,0,20,18,0.1,,,40,60,,,,,,,,
2018.06.02,,,0,40,19,0.02,,20,60,20,,,,,,,,
2018.06.02,,,0,60,14,0,,60,20,,,,20,,,,,
2018.06.02,,,0,80,12,0.01,,,40,,,,60,,,,,
2018.06.02,,,10,20,9,0.17,,,40,,,,60,1,1,,,
2018.06.02,,,10,40,10,0.25,,,100,,,,,1,1,,,
2018.06.02,,,10,60,10,0.1,,,100,,,,,,1,,,
2018.06.02,,,10,80,8,0.16,,,80,20,,,,,,,,
2018.06.02,,,10,100,7,0.11,,,,100,,,,,,,,
2018.06.02,,,10,120,5,0.02,,,40,30,30,,,,,,,
2018.06.02,,,20,20,5,0.08,,40,,,,,60,,1,,,
2018.06.02,,,20,40,3,0.08,,80,,20,,,,,1,,,
2018.06.02,,,20,60,7,0.14,,20,80,,,,,,1,,,
2018.06.02,,,20,80,7,0.14,,100,,,,,,,,,,
2018.06.02,,,20,100,4,0.07,,60,20,,,,20,,1,,,
2018.06.02,,,20,120,8,0.14,,50,50,,,,,,1,,,
2018.06.02,,,30,20,7,0,,,,,,,100,,1,,,
2018.06.02,,,30,40,8,0.09,,,100,,,,,,1,,,
2018.06.02,,,30,60,7,0.16,,,100,,,,,,1,,,
2018.06.02,,,30,80,4,0.16,,50,50,,,,,,1,,,
2018.06.02,,,40,20,11,0.05,,,100,,,,,,1,,,
2018.06.02,,,40,40,7,0.12,,60,40,,,,,,,,,
2018.06.02,,,40,60,6,0.05,,20,80,,,,,1,1,,,
2018.06.02,,,40,80,10,0.11,,,100,,,,,1,1,1,1,
2018.06.02,,,50,20,9,0.18,,,100,,,,,,1,,,
2018.06.02,,,50,40,3,0.16,,,100,,,,,,1,,,
2018.06.02,,,50,60,7,0.28,,,100,,,,,,1,,,
2018.06.02,,,50,80,3,0.11,,,100,,,,,,1,,,
2018.06.02,,,50,100,2,0.01,,,80,20,,,,,1,,,
2018.06.02,,,60,20,9,0.04,,,80,,20,,,,,,,
2018.06.02,,,60,40,8,0.02,,,20,80,,,,,,,,
2018.06.02,,,60,60,11,0.35,,,80,20,,,,,,,,
2018.06.02,,,60,80,8,0.09,,20,40,,,,40,,1,,,
2018.06.02,,,60,100,6,0.06,,,30,70,,,,,1,,,
2018.06.02,,,70,20,5,0.08,,,20,,,,80,,1,,,
2018.06.02,,,70,40,11,0.03,,,,,,,100,,1,,,
2018.06.02,,,70,60,11,0,,40,,,40,,20,1,1,,,
2018.06.02,,,70,80,10,0.02,,,60,,,,40,1,1,,,
2018.06.02,,,70,100,6,0.01,,,,,,,100,1,1,,,
2018.06.02,,,80,20,19,0.08,,,,,,,100,1,1,,,
2018.06.02,,,80,40,20,0,,,,,20,,80,1,,,,
2018.06.02,,,80,60,20,0.02,,,,20,,,80,1,,,,
2018.06.02,,,80,80,19,0,,,,,,,100,1,,,,
2018.06.02,,,90,20,6,0.11,,,20,,80,,,1,,,,
2018.06.02,,,90,40,9,0.18,,,60,,40,,,1,,,,
2018.06.02,,,90,60,7,0.29,,20,80,,,,,1,,,,
2018.06.02,,,90,80,7,0.35,,,80,,20,,,,,,,
2018.06.02,,,90,100,4,0.21,,,,60,40,,,1,,,,
2018.06.02,,,100,20,31,0.04,,,60,,,,40,1,,,1,
2018.06.02,,,100,40,31,0.01,,,40,,,,60,1,,,,
2018.06.02,,,100,60,33,0,,,,,,,100,,,,1,
2018.06.02,,,100,80,30,0,,,60,,,,40,,,,1,
2018.06.02,,,100,100,33,0,,,,,,,100,,1,,,
2018.06.02,,,100,120,22,0,,,,,,,100,1,1,,,
2018.06.02,,,110,20,12,0.17,,,40,,60,,,1,,,,
2018.06.02,,,110,40,12,0.08,,,30,70,,,,1,,,,
2018.06.02,,,110,60,9,0.13,,40,,60,,,,1,,,,
2018.06.02,,,110,80,10,0.02,,30,30,40,,,,1,,,,
2018.06.02,,,110,100,4,0.02,,,40,,60,,,1,,,,
2018.06.02,,,120,20,7,0.07,,,60,,40,,,,,,,
2018.06.02,,,120,40,6,0.05,,,40,,60,,,,,,,
2018.06.02,,,120,60,7,0.44,,60,,,40,,,1,,,,
2018.06.02,,,120,80,6,0.41,,,100,,,,,1,,,,
2018.06.02,,,130,20,25,0.04,,60,30,10,,,,1,,,,
2018.06.02,,,130,40,25,0.05,,60,40,,,,,,,,,
2018.06.02,,,130,60,26,0,,60,40,,,,,1,,,,
2018.06.02,,,140,20,7,0,,,80,20,,,,1,,,,
2018.06.02,,,140,40,11,0.02,,60,,,40,,,1,,,,
2018.06.02,,,140,60,11,0.1,,,40,30,30,,,,,,,
2018.06.02,,,140,80,5,0,,,,,50,,50,1,1,,,
2018.06.02,,,150,20,13,0.01,,,40,,60,,,1,1,,,
2018.06.02,,,150,40,14,0.07,,40,40,,20,,,,,,,
2018.06.02,,,150,60,12,0.03,,40,,,30,,30,,,,,
2018.06.02,,,150,80,8,0,,,,,,,100,1,1,,,
2018.06.02,,,160,20,13,0.28,,,100,,,,,1,,,,
2018.06.02,,,160,40,10,0.19,,,100,,,,,,,,,
2018.06.02,,,160,60,10,0.49,,50,50,,,,,,,,,
2018.06.02,,,170,20,4,0.05,,,,100,,,,1,,,,
2018.06.02,,,170,40,6,0.08,,,,40,60,,,1,,,,
2018.06.02,,,170,60,6,0.06,,40,,,60,,,,,,,
2018.06.02,,,170,80,6,0.48,,60,,40,,,,,,,,
2018.06.02,,,170,100,9,0.55,,100,,,,,,,,,,
2018.06.02,,,180,20,19,0.03,,,,,,,100,,1,,,
2018.06.02,,,180,40,19,0.09,,,,,40,,60,,,,,
2018.06.02,,,180,60,16,0.06,,,20,,,,80,,,,,
2018.06.02,,,190,20,25,0.01,,,40,,,,60,1,,,,
2018.06.02,,,190,40,24,0.03,,,,20,,,80,1,,,,
2018.06.02,,,190,60,24,0,,,,,20,,80,1,,,,
2018.06.02,,,190,80,19,0.04,,,20,,,,80,1,,,,
2018.06.02,,,190,100,18,0,,,,,,,100,1,,,,
2018.06.02,,,190,120,16,0,,,,,,,100,1,,,,
2018.06.02,,,200,20,14,0.42,,,100,,,,,1,,,,
2018.06.02,,,200,40,10,0.24,,40,60,,,,,,,,,
2018.06.02,,,200,60,12,0.05,,,100,,,,,,,,,
2018.06.02,,,200,80,11,0.03,,,,40,60,,,1,,,,
2019.01.10,1,397557,5,,,,,,,,,,,,,,,release location
2019.01.10,1,304681,5,,,,,,,,,,,,,,,double tagged; release location
2019.01.10,1,396601,5,,,,,,,,,,,,,,,double tagged; release location
2019.01.10,1,305512,5,,,,,,,,,,,,,,,release location
2019.01.10,1,387779,5,,,,,,,,,,,,,,,release location
2019.01.10,1,305973,5,,,,,,,,,,,,,,,release location
2019.01.10,1,401858,5,,,,,,,,,,,,,,,release location
2019.01.10,1,396174,5,,,,,,,,,,,,,,,release location
2019.01.10,1,397049,30,,,,,,,,,,,,,,,release location
2019.01.10,1,400116,30,,,,,,,,,,,,,,,release location
2019.01.10,1,399607,30,,,,,,,,,,,,,,,release location
2019.01.10,1,395373,30,,,,,,,,,,,,,,,release location
2019.01.10,1,387933,0,,,,,,,,,,,,,,,release location
2019.01.10,1,306028,0,,,,,,,,,,,,,,,release location
2019.01.10,1,398802,53,,,,,,,,,,,,,,,release location
2019.01.10,1,305825,25,,,,,,,,,,,,,,,release location
2019.01.10,1,395824,25,,,,,,,,,,,,,,,release location
2019.01.10,1,396044,25,,,,,,,,,,,,,,,release location
2019.01.10,1,305892,75,,,,,,,,,,,,,,,release location
2019.01.10,1,394969,75,,,,,,,,,,,,,,,release location
2019.01.10,1,304659,75,,,,,,,,,,,,,,,release location
2019.01.10,1,305079,105,,,,,,,,,,,,,,,release location
2019.01.10,1,387898,105,,,,,,,,,,,,,,,release location
2019.01.10,1,387726,185,,,,,,,,,,,,,,,release location
2019.01.10,1,303958,185,,,,,,,,,,,,,,,release location
2019.01.10,1,396705,185,,,,,,,,,,,,,,,release location
2019.01.10,1,306236,195,,,,,,,,,,,,,,,release location
2019.01.10,1,388116,195,,,,,,,,,,,,,,,release location
2019.01.10,1,386790,140,,,,,,,,,,,,,,,release location
2019.01.10,1,306224,200,,,,,,,,,,,,,,,release location
2019.01.10,1,304487,200,,,,,,,,,,,,,,,release location
2019.01.10,1,396502,190,,,,,,,,,,,,,,,release location
2019.01.10,1,395345,190,,,,,,,,,,,,,,,release location
2019.01.10,1,403424,98,,,,,,,,,,,,,,,release location
2019.01.11,1,304487,205,,,,,,,,,,,,,,,release location
2019.01.11,1,398913,205,,,,,,,,,,,,,,,release location
2019.01.11,1,394260,215,,,,,,,,,,,,,,,release location
2019.01.11,1,400526,215,,,,,,,,,,,,,,,release location
2019.01.11,1,385905,235,,,,,,,,,,,,,,,release location
2019.01.11,1,397048,205,,,,,,,,,,,,,,,release location
2019.01.11,1,396502,205,,,,,,,,,,,,,,,release location
2019.01.11,1,305043,205,,,,,,,,,,,,,,,release location
2019.01.11,1,394546,205,,,,,,,,,,,,,,,release location
2019.01.11,1,385725,230,,,,,,,,,,,,,,,release location
2019.01.26,1,401858,-35,,,,,,,,,,,,,,,loose tag
2019.01.26,1,387550,-7,,31,0,,,60,40,,,,,,,,rrm
2019.01.26,1,387933,-7,,31,0,,,60,40,,,,,,,,rrm
2019.01.26,1,306028,0,,20,0.03,,100,,,,,,,,,,"alive, sighted"
2019.01.26,1,387779,1,,19,0.02,,,100,,,,,,,,,
2019.01.26,1,306750,2,,27,0,,,80,20,,,,,,,,
2019.01.26,1,396174,4,,23,0.06,,,80,20,,,,,,,,
2019.01.26,1,305512,11,,13,0.01,,,100,,,,,1,,,,
2019.01.26,1,398543,34,,12,0.06,,,100,,,,,1,,,,
2019.01.26,1,399607,35,,9,0,,,90,10,,,,,,,,
2019.01.26,1,396044,36,,13,0.01,,10,80,10,,,,,,,,
2019.01.26,1,397049,41,,,,,,,,,,,,,,,
2019.01.26,1,385725,48,,,,,,,,,,,,,,,
2019.01.26,1,400288,58,,14,0,,,90,10,,,,,,,,
2019.01.26,1,403424,75,,22,0,,,80,,10,,10,1,1,,,
2019.01.26,1,395226,109,,15,0.13,,,40,60,,,,1,,,,
2019.01.26,1,306224,110,,,,,,,,,,,,,,,
2019.01.26,1,306236,190,,22,0.01,,40,40,,20,,,1,,,1,
2019.01.26,1,395345,208,,20,0.05,,60,40,,,,,1,,,,
2019.01.26,1,397048,210,,8,0.29,,,90,10,,,,1,,,,
2019.01.26,1,394546,210,,9,0.09,,,60,,40,,,1,,,,
2019.01.26,1,397048,217,,11,0.12,,,80,20,,,,1,,,,
2019.01.26,2,401858,-35,,,,,,,,,,,,,,,"tag recovered, tag also broken"
2019.01.26,2,387550,-7,,,,,,,,,,,,,,,rrm
2019.01.26,2,387933,-7,,,,,,,,,,,,,,,rrm
2019.01.26,2,397557,1,,,,,,,,,,,,,,,
2019.01.26,2,306750,2,,,,,,,,,,,,,,,rrm
2019.01.26,2,305973,4,,,,,,,,,,,,,,,m
2019.01.26,2,401032,4,,,,,,,,,,,,,,,m
2019.01.26,2,396174,7,,8,0.11,,,100,,,,,1,,,,
2019.01.26,2,387779,10,,9,0.12,,,100,,,,,1,,,,
2019.01.26,2,398543,32,,14,0.05,,100,,,,,,,,,,
2019.01.26,2,400116,35,,11,0.06,,,50,50,,,,1,1,,,
2019.01.26,2,399607,35,,,,,,,,,,,,,,,rrm
2019.01.26,2,397049,41,,10,0,,,100,,,,,1,,,,rrm
2019.01.26,2,385725,48,,,,,,,,,,,,,,,"tdrt, tag recovered"
2019.01.26,2,305892,49,,9,0.02,,,70,30,,,,,,,,seen/big?
2019.01.26,2,403424,72,,27,0.05,,,100,,,,,1,1,,,
2019.01.26,2,305280,76,,18,0.09,,,95,5,,,,1,,,,m
2019.01.26,2,305280,80,,,,,,,,,,,,,,,
2019.01.26,2,306224,110,,16,0,,100,,,,,,1,,,,rrm
2019.01.26,2,394546,209,,14,0.04,,60,20,20,,,,1,,,,
2019.01.26,2,395345,221,,13,0.11,,20,80,,,,,1,,,,
2019.01.26,2,394260,224,,10,0.21,,80,20,,,,,1,,,,
2019.01.26,,,0,20,19,0.09,,10,70,20,,,,,,,,
2019.01.26,,,0,40,22,0.05,,50,40,10,,,,,,,,
2019.01.26,,,0,60,20,0.03,,30,40,30,,,,,,,,
2019.01.26,,,0,80,14,0,,,,40,,,60,,,,,
2019.01.26,,,10,20,4,0.11,,,100,,,,,1,,,,
2019.01.26,,,10,40,12,0.11,,,100,,,,,1,,,,
2019.01.26,,,10,60,10,0.03,,60,40,,,,,1,,,,
2019.01.26,,,10,80,8,0.15,,,50,50,,,,,,,,
2019.01.26,,,20,20,7,0,,80,,,,,20,,1,,,
2019.01.26,,,20,40,7,0.1,,80,20,,,,,,1,,,
2019.01.26,,,20,60,9,0.22,,,100,,,,,,,,,
2019.01.26,,,20,80,5,0.14,,,100,,,,,,1,,,
2019.01.26,,,20,100,6,0.06,,,100,,,,,,1,,,
2019.01.26,,,30,20,11,0,,60,30,,,,10,,1,,,
2019.01.26,,,30,40,7,0.1,,,100,,,,,,1,,,
2019.01.26,,,30,60,12,0.04,,,80,20,,,,,,,,
2019.01.26,,,30,80,4,0,,,,,,,100,,1,,,
2019.01.26,,,40,20,15,0.03,,,,100,,,,,,,,
2019.01.26,,,40,40,12,0.12,,,100,,,,,1,,,,
2019.01.26,,,40,60,12,0.2,,,100,,,,,1,,,,
2019.01.26,,,40,80,8,0.01,,,60,40,,,,1,,,,
2019.01.26,,,50,20,5,0.15,,70,,30,,,,,1,,,
2019.01.26,,,50,40,10,0.5,,,100,,,,,,,,,
2019.01.26,,,50,60,16,0.13,,,100,,,,,,,,,
2019.01.26,,,50,80,11,0.21,,80,20,,,,,,1,,,
2019.01.26,,,60,20,14,0.05,,,40,60,,,,,,,,
2019.01.26,,,60,40,9,0.1,,,60,40,,,,,,,,
2019.01.26,,,60,60,5,0.5,,,80,20,,,,,,,,
2019.01.26,,,60,80,8,0.14,,,70,30,,,,,1,,,
2019.01.26,,,60,100,7,0.1,,,40,60,,,,1,,,,
2019.01.26,,,70,20,7,0.14,,,20,,,,80,,1,,,
2019.01.26,,,70,40,12,0.02,,,,,20,,80,,1,,,
2019.01.26,,,70,60,15,0.06,,,,,25,25,50,1,,,1,
2019.01.26,,,70,80,13,0.04,,,20,,40,,40,1,,,,
2019.01.26,,,70,100,10,0,,,,,,,100,,1,,,
2019.01.26,,,80,20,21,0.03,,,10,10,,,80,1,,,,
2019.01.26,,,80,40,17,0.11,,100,,,,,,1,1,,,
2019.01.26,,,80,60,23,0.06,,,,,100,,,1,,,,
2019.01.26,,,80,80,15,0.02,,,60,,40,,,1,,,,
2019.01.26,,,90,20,7,0.34,,,60,40,,,,1,,,,
2019.01.26,,,90,40,7,0.3,,100,,,,,,1,,,,
2019.01.26,,,90,60,8,0.29,,,60,40,,,,1,,,,
2019.01.26,,,90,80,7,0.8,,100,,,,,,1,,,,
2019.01.26,,,100,20,40,0,,90,,10,,,,1,,1,,
2019.01.26,,,100,40,40,0.01,,,80,,,,20,1,,,,
2019.01.26,,,100,60,38,0,,,,,,,20,1,,,,
2019.01.26,,,100,80,35,0,,,,,,,100,1,,,1,
2019.01.26,,,100,100,32,0,,,,,,,100,1,,,1,
2019.01.26,,,100,120,29,0,,,,,,,100,1,1,,,
2019.01.26,,,110,20,8,0.12,,,90,10,,,,1,,,,
2019.01.26,,,110,40,9,0.12,,100,,,,,,1,,,,
2019.01.26,,,110,60,10,0.01,,,70,30,,,,1,,,,
2019.01.26,,,110,80,7,0.12,,,80,20,,,,1,,,,
2019.01.26,,,120,20,8,0.12,,,30,,70,,,,,,,
2019.01.26,,,120,40,7,0.8,,,80,20,,,,,,,,
2019.01.26,,,120,60,7,0,,,,40,60,,,,,,,
2019.01.26,,,120,80,8,0.47,,,90,,10,,,1,,,,
2019.01.26,,,120,100,9,0,,,100,,,,,1,,,,
2019.01.26,,,130,20,16,0.05,,100,,,,,,1,,,,
2019.01.26,,,130,40,20,0.16,,10,80,10,,,,1,,,,
2019.01.26,,,130,60,20,0.06,,80,,,,,20,1,,,,
2019.01.26,,,130,80,13,0.09,,100,,,,,,1,,,,
2019.01.26,,,140,20,5,0.05,,,60,,40,,,1,,,,
2019.01.26,,,140,40,14,0.01,,,80,20,,,,1,,,,
2019.01.26,,,140,60,12,0.18,,,60,,40,,,1,,,,
2019.01.26,,,140,80,13,0.05,,,,40,,,60,,,,,
2019.01.26,,,150,20,12,0.34,,,90,,10,,,1,,,,
2019.01.26,,,150,40,13,0.06,,90,10,,,,,1,,,,
2019.01.26,,,150,60,9,0.08,,,100,,,,,1,1,,,
2019.01.26,,,150,80,7,0,,,,,,,100,1,1,,,
2019.01.26,,,160,20,10,0.5,,,100,,,,,1,,,,
2019.01.26,,,160,40,10,0.06,,20,80,,,,,1,,,,
2019.01.26,,,160,60,7,0.4,,,40,60,,,,,,,,
2019.01.26,,,170,20,5,0.15,,,,40,60,,,1,,,,
2019.01.26,,,170,40,5,0.2,,80,10,10,,,,1,,,,
2019.01.26,,,170,60,6,0,,90,,,10,,,,,,,
2019.01.26,,,170,80,14,0.25,,80,,20,,,,,,,,
2019.01.26,,,170,100,12,0.25,,100,,,,,,,,,,
2019.01.26,,,180,20,20,0.03,,,,40,,,60,1,,,,
2019.01.26,,,180,40,21,0.08,,,,80,,,20,1,,,,
2019.01.26,,,180,60,20,0.07,,,,40,,,60,,,,,
2019.01.26,,,180,80,10,0.02,,,,,,,100,,1,,,
2019.01.26,,,190,20,23,0,,,40,,,,60,1,,1,,
2019.01.26,,,190,40,26,0,,,60,,,,40,1,,,,
2019.01.26,,,190,60,24,0,,,90,,,,10,1,,,,
2019.01.26,,,190,80,24,0.06,,,90,,,,10,1,,,,
2019.01.26,,,190,100,23,0,,,,,,,100,1,,,,
2019.01.26,,,190,120,17,0,,,,,,,100,1,,,,
2019.01.26,,,190,140,15,0,,,,,,,100,1,,,,
2019.01.26,,,190,160,5,0,,,,,,,100,1,,,,
2019.01.26,,,200,20,13,0.19,,,100,,,,,1,,,,
2019.01.26,,,200,40,16,0.04,,,60,40,,,,,,,,
2019.01.26,,,200,60,13,0.36,,,100,,,,,,,,,
2019.01.26,,,200,80,8,0.27,,,100,,,,,1,,,,
2019.01.26,,,210,20,8,0.04,,50,,,50,,,1,,,,
2019.01.26,,,210,40,12,0.06,,,20,40,40,,,1,,,,
2019.01.26,,,210,60,13,0.07,,40,30,,30,,,1,,,,
2019.01.26,,,210,80,10,0.2,,,80,,20,,,1,,,,
2019.01.26,,,210,100,8,0.71,,,90,,10,,,1,,,,
2019.01.26,,,220,20,12,0.1,,,80,20,,,,,,,,
2019.01.26,,,220,40,12,0.31,,,100,,,,,,,,,
2019.01.26,,,220,60,10,0,,,60,,40,,,,,,,
2019.01.26,,,220,80,6,0,,,100,,,,,1,,,,
2019.01.26,,,230,20,8,0.12,,,100,,,,,1,,,1,
2019.01.26,,,230,40,10,0.33,,,40,60,,,,,,,,
2019.01.26,,,230,60,9,0.19,,,40,60,,,,,,,,
2019.01.26,,,230,80,6,0.29,,40,60,,,,,1,,,,
2019.01.26,,,240,20,8,0.02,,,,40,60,,,1,,,,
2019.01.26,,,240,40,5,0.18,,80,,20,,,,1,,,,
2019.01.26,,,240,60,6,0.34,,,40,40,20,,,1,,,,
2019.01.26,,,240,80,6,0.5,,,20,,80,,,1,,,,
2019.01.26,,,250,20,8,0.06,,,20,,80,,,1,,,,
2019.01.26,,,250,40,10,0.13,,,,20,80,,,1,,,,
2019.01.26,,,250,60,9,0.09,,,40,,60,,,1,,,,
2019.01.26,,,250,80,10,0.05,,,80,,20,,,,,,,
2019.02.23,1,387779,1,,25,,,20,80,,,,,,,,,"moved upstream, alive"
2019.02.23,1,397557,4,,13,,,,100,,,,,1,,,,
2019.02.23,1,396044,33,,10,,,100,,,,,,,1,,,"alive, seen"
2019.02.23,1,398543,38,,14,,,,100,,,,,1,1,,,
2019.02.23,1,305892,49,,14,,,,90,10,,,,,1,,,"rrm; initially recorded as 305897, but changed to 305892 after inspection of the HPR+ reader"
2019.02.23,1,394969,71,,17,,,100,,,,,,1,,,,
2019.02.23,1,388116,190,,25,,,80,20,,,,,1,,,,
2019.02.23,1,402162,197,,17,,,80,,,20,,,1,,,,rrm
2019.02.23,1,395345,204,,25,,,100,,,,,,1,1,,,"moved upstream 10 m, rrm"
2019.02.23,1,397048,217,,13,,,30,60,10,,,,1,,,,
2019.02.23,1,394260,220,,13,,,100,,,,,,1,,,,
2019.02.23,2,387550,1,,23,,,100,,,,,,,,,,"originally labelled 389550, should this be 387550? Checked hpr+ and 387550 was recorded"
2019.02.23,2,387779,2,,23,,,,100,,,,,1,,,,
2019.02.23,2,401032,4,,23,,,,100,,,,,1,,,,rrm
2019.02.23,2,397557,4,,,,,,,,,,,,,,,"in same position as before, rrm"
2019.02.23,2,400116,34,,13,,,,100,,,,,,1,,,
2019.02.23,2,399607,38,,,,,,,,,,,,,,,
2019.02.23,2,403424,58,,27,,,20,80,,,,,,1,1,,
2019.02.23,2,388116,191,,20,,,,80,20,,,,1,,,,
2019.02.23,2,385464,193,,14,,,80,20,,,,,,,,,rrm
2019.02.23,2,385905,237,,20,,,70,,,30,,,1,,,,
2019.02.23,,,0,20,18,,,20,60,20,,,,,,,,
2019.02.23,,,,40,20,,,40,60,,,,,,,,,
2019.02.23,,,,60,17,,,30,40,,,,30,,,,,
2019.02.23,,,,80,12,,,,,,,,100,1,,,,
2019.02.23,,,5,20,5,,,,60,40,,,,1,,,,
2019.02.23,,,,40,7,,,,80,20,,,,1,,,,
2019.02.23,,,,60,7,,,80,20,,,,,,,,,
2019.02.23,,,,80,5,,,,100,,,,,,,,,
2019.02.23,,,,100,6,,,,100,,,,,,,,,
2019.02.23,,,,120,7,,,,100,,,,,1,1,,,
2019.02.23,,,15,20,1,,,,100,,,,,,,,,
2019.02.23,,,,40,1,,,,100,,,,,,,,,
2019.02.23,,,,60,1,,,,100,,,,,,,,,
2019.02.23,,,,80,1,,,100,,,,,,,,,,
2019.02.23,,,25,20,3,,,100,,,,,,1,,,,
2019.02.23,,,,20,4,,,,100,,,,,1,,,,
2019.02.23,,,,60,5,,,,100,,,,,,,,,
2019.02.23,,,,80,7,,,80,20,,,,,,,,,
2019.02.23,,,35,20,10,,,,100,,,,,,1,,,
2019.02.23,,,,40,12,,,30,70,,,,,,1,,,
2019.02.23,,,,60,10,,,,100,,,,,1,1,,,
2019.02.23,,,,80,3,,,,50,,,,50,1,1,,,
2019.02.23,,,45,20,6,,,70,30,,,,,1,1,,,
2019.02.23,,,,40,10,,,,80,20,,,,,,,,
2019.02.23,,,,60,10,,,60,40,,,,,,1,,,
2019.02.23,,,,80,5,,,,80,,,,20,,1,,,
2019.02.23,,,50,20,2,,,,100,,,,,,1,,,
2019.02.23,,,,40,5,,,,100,,,,,,,,,
2019.02.23,,,,60,10,,,80,20,,,,,,,,,
2019.02.23,,,,80,5,,,100,,,,,,,1,,,
2019.02.23,,,55,20,5,,,,80,,,,20,,,,,
2019.02.23,,,,40,2,,,,10,,,,90,,,,,
2019.02.23,,,,60,4,,,,10,,,,90,,1,,,
2019.02.23,,,,80,6,,,,60,,,,40,,1,,,
2019.02.23,,,,100,8,,,,100,,,,,,1,,,
2019.02.23,,,,120,5,,,,100,,,,,,1,,,
2019.02.23,,,,140,10,,,,100,,,,,,1,,,
2019.02.23,,,,160,7,,,,100,,,,,,1,,,
2019.02.23,,,,180,8,,,,100,,,,,,1,,,
2019.02.23,,,65,20,10,,,,100,,,,,1,1,,,
2019.02.23,,,,40,10,,,,100,,,,,1,,,,
2019.02.23,,,,60,10,,,,80,,,,20,1,1,,,
2019.02.23,,,,80,7,,,,20,,,,80,1,,,,
2019.02.23,,,75,20,14,,,,60,,,,40,1,,,,
2019.02.23,,,,40,13,,,,80,,20,,,1,,,,
2019.02.23,,,,60,13,,,,20,,80,,,1,,,,
2019.02.23,,,,80,15,,,,20,,,,80,1,,,,
2019.02.23,,,85,20,14,,,,10,,90,,,1,,,,
2019.02.23,,,,40,15,,,,80,,20,,,1,,,,
2019.02.23,,,,60,16,,,,,,100,,,1,,,,
2019.02.23,,,,80,13,,,,,,100,,,1,,,,
2019.02.23,,,,100,15,,,,,,20,,80,1,,,1,
2019.02.23,,,95,20,12,,,20,80,,,,,1,1,,,
2019.02.23,,,,40,11,,,60,,,40,,,1,,,1,
2019.02.23,,,,60,9,,,,80,,20,,,1,,,,
2019.02.23,,,,80,10,,,,,,100,,,1,,,,
2019.02.23,,,,100,7,,,,,,100,,,1,,,,
2019.02.23,,,100,20,34,,,,100,,,,,1,,,,
2019.02.23,,,,40,33,,,,80,,,,20,1,,,,
2019.02.23,,,,60,30,,,,20,,,,80,1,,,,
2019.02.23,,,,80,33,,,,,,,,100,1,,,,
2019.02.23,,,,100,31,,,,40,,,,60,1,,,,
2019.02.23,,,,120,20,,,,,,,,100,1,1,,,
2019.02.23,,,105,20,6,,,,60,40,,,,1,,1,,
2019.02.23,,,,40,10,,,,80,20,,,,1,,,,
2019.02.23,,,,60,8,,,,,,100,,,1,,,,
2019.02.23,,,,80,4,,,,100,,,,,1,,,,
2019.02.23,,,,100,7,,,,80,,20,,,1,,1,,
2019.02.23,,,115,20,5,,,,80,,20,,,1,1,,,
2019.02.23,,,,40,12,,,,30,,,,70,1,1,,,
2019.02.23,,,,60,12,,,,100,,,,,,1,,,
2019.02.23,,,,80,14,,,,100,,,,,1,1,,,
2019.02.23,,,,100,11,,,,80,,20,,,1,1,,,
2019.02.23,,,,120,4,,,,100,,,,,,1,,,
2019.02.23,,,125,20,10,,,,10,,10,,80,1,1,,,
2019.02.23,,,,40,14,,,,,60,40,,,1,,,,
2019.02.23,,,,60,16,,,,30,30,,,40,,,,,
2019.02.23,,,,80,14,,,40,30,,30,,,,,,,
2019.02.23,,,,100,11,,,,20,,,,80,,1,,,
2019.02.23,,,135,20,21,,,20,,,,,80,1,,,,
2019.02.23,,,,40,24,,,,40,,,,60,1,,,,
2019.02.23,,,,60,25,,,80,,,,,20,1,,,,
2019.02.23,,,,80,23,,,80,,,,,20,1,,,,
2019.02.23,,,,100,20,,,,,,,,100,,,,,
2019.02.23,,,,120,16,,,,,,,,100,1,1,1,,
2019.02.23,,,145,20,10,,,,60,40,,,,1,,1,,
2019.02.23,,,,40,8,,,,30,,70,,,1,,,,
2019.02.23,,,,60,10,,,,90,10,,,,1,,,,
2019.02.23,,,,80,12,,,,60,20,20,,,1,,,,
2019.02.23,,,,100,8,,,,,100,,,,1,,,,
2019.02.23,,,150,20,13,,,,60,,40,,,1,,,,
2019.02.23,,,,40,12,,,40,30,,30,,,1,,,,
2019.02.23,,,,60,16,,,30,60,,,,10,1,,,,
2019.02.23,,,,80,10,,,,50,,,,50,1,1,,,
2019.02.23,,,155,20,5,,,,80,,20,,,1,1,,,
2019.02.23,,,,40,8,,,,80,10,10,,,1,,,,
2019.02.23,,,,60,9,,,80,20,,,,,1,,,,
2019.02.23,,,,80,10,,,40,40,20,,,,1,,,,
2019.02.23,,,,100,7,,,,80,20,,,,1,,,,
2019.02.23,,,165,20,9,,,,,60,40,,,1,1,,,
2019.02.23,,,,40,12,,,60,,20,20,,,1,,,,
2019.02.23,,,,60,12,,,90,,10,,,,1,,,,
2019.02.23,,,,80,9,,,,80,20,,,,1,,,,
2019.02.23,,,,100,7,,,,80,,20,,,1,,,,
2019.02.23,,,,120,6,,,,,90,10,,,1,,,,
2019.02.23,,,,140,9,,,,,90,10,,,1,,,,
2019.02.23,,,175,20,8,,,,,50,50,,,1,,,,
2019.02.23,,,,40,10,,,,60,,40,,,1,,,,
2019.02.23,,,,60,11,,,,100,,,,,1,,,,
2019.02.23,,,,80,11,,,80,20,,,,,,,,,
2019.02.23,,,,100,11,,,100,,,,,,,,1,,
2019.02.23,,,185,20,30,,,,,,,,100,1,1,1,,
2019.02.23,,,,40,32,,,,,,,,100,,1,,,
2019.02.23,,,,60,32,,,,,,,,100,,,,,
2019.02.23,,,,80,33,,,,,,,,100,,,,,
2019.02.23,,,,100,32,,,,,,,,100,1,1,,,
2019.02.23,,,,120,25,,,,,,,,100,1,1,1,,
2019.02.23,,,195,20,11,,,,80,,,,20,1,,1,,
2019.02.23,,,,40,12,,,,80,,20,,,1,,,,
2019.02.23,,,,60,8,,,100,,,,,,,,,,
2019.02.23,,,,80,11,,,20,,,80,,,1,,,,
2019.02.23,,,,100,6,,,,,,100,,,1,,,,
2019.02.23,,,200,20,11,,,,100,,,,,1,,,,
2019.02.23,,,,40,15,,,10,90,,,,,1,,,,
2019.02.23,,,,60,16,,,80,,20,,,,,,,,
2019.02.23,,,,80,12,,,20,80,,,,,1,,,,
2019.02.23,,,,100,10,,,,100,,,,,1,,,,
2019.02.23,,,205,20,16,,,,,,,,100,1,1,,,
2019.02.23,,,,40,20,,,,20,,,,80,,1,,,
2019.02.23,,,,60,27,,,,20,,,,80,,,,,
2019.02.23,,,,80,29,,,,20,,,,80,1,,,,
2019.02.23,,,,100,29,,,,20,,,,80,1,,1,,
2019.02.23,,,215,20,7,,,,,,80,,20,1,,,,
2019.02.23,,,,40,7,,,,80,,20,,,1,,,,
2019.02.23,,,,60,11,,,,80,20,,,,1,,,,
2019.02.23,,,,80,12,,,,80,20,,,,,,,,
2019.02.23,,,,100,8,,,,20,80,,,,,,,,
2019.02.23,,,225,20,10,,,,,100,,,,1,,,,
2019.02.23,,,,40,9,,,80,,20,,,,1,,,,
2019.02.23,,,,60,12,,,80,,20,,,,1,,,,
2019.02.23,,,,80,15,,,70,20,10,,,,1,,,,
2019.02.23,,,,100,14,,,100,,,,,,1,,,,
2019.02.23,,,,120,10,,,80,,,,,20,1,,1,,
2019.02.23,,,235,20,5,,,80,,,,,20,1,,1,,
2019.02.23,,,,40,14,,,,,20,,,80,1,,,,
2019.02.23,,,,60,18,,,,20,20,,,60,1,,,,
2019.02.23,,,,80,15,,,80,,,,,20,1,,,1,
2019.02.23,,,,100,10,,,60,,,,,40,1,1,,1,
2019.02.23,,,,120,15,,,,40,,,,60,1,,,,
2019.02.23,,,245,20,8,,,20,80,,,,,1,,,,
2019.02.23,,,,40,16,,,,80,20,,,,,,,,
2019.02.23,,,,60,13,,,10,80,10,,,,1,,,,
2019.02.23,,,,80,11,,,60,20,20,,,,1,,,,
2019.02.23,,,,100,8,,,,100,,,,,1,,,,
2019.02.23,,,250,20,12,,,80,,,,,20,1,1,,,
2019.02.23,,,,40,15,,,80,,,20,,,1,,,,
2019.02.23,,,,60,13,,,80,,,,,20,1,,,,
2019.02.23,,,,80,10,,,,80,,,,20,1,,,,
2019.02.23,,,,100,9,,,,50,,30,,20,1,,,1,
2019.03.19,1,387779,1,,20,,,,60,20,,,20,1,,,,
2019.03.19,1,397557,4,,17,,,,80,20,,,,1,,,,
2019.03.19,1,306750,8,,7,,,60,40,,,,,1,,,,
2019.03.19,1,398543,39,,5,,,80,20,,,,,1,1,,,
2019.03.19,1,305892,49,,7,,,90,10,,,,,1,,,,
2019.03.19,1,400288,58,,12,,,80,20,,,,,1,,1,,
2019.03.19,1,394969,77,,15,,,,60,10,10,,20,1,,,,
2019.03.19,1,397443,168,,8,,,60,20,20,,,,1,1,,,
2019.03.19,1,388116,184,,28,,,,,,,,100,1,1,,,
2019.03.19,1,400526,219,,6,,,80,,,20,,,1,,,,
2019.03.19,1,394260,223,,11,,,90,10,,,,,1,,1,,
2019.03.19,2,396174,4,,12,,,,100,,,,,1,,,,
2019.03.19,2,306750,8,,7,,,60,40,,,,,1,,,,
2019.03.19,2,397049,18,,5,,,100,,,,,,1,,,,
2019.03.19,2,399607,35,,8,,,,60,40,,,,1,1,,,
2019.03.19,2,398543,39,,5,,,80,20,,,,,1,1,,,
2019.03.19,2,403424,70,,8,,,,60,,,,40,1,1,,,
2019.03.19,2,400526,205,,18,,,,60,,,,40,1,1,,,
2019.03.19,2,394260,223,,11,,,90,10,,,,,1,,1,,rrm
2019.03.30,1,396601,-5,,25,,,50,50,,,,,1,,,,
2019.03.30,1,387550,0,,27,,,,60,40,,,,1,,,,
2019.03.30,1,306028,1,,34,,,,100,,,,,1,,,,
2019.03.30,1,397557,5,,17,,,,100,,,,,1,,,,
2019.03.30,1,397049,18,,14,,,,100,,,,,1,1,,,
2019.03.30,1,399607,29,,10,,,,100,,,,,,1,,,
2019.03.30,1,400116,30,,13,,,,60,,,40,,,1,,,
2019.03.30,1,395226,140,,18,,,,80,10,10,,,1,,,,
2019.03.30,1,402162,196,,7,,,,60,40,,,,1,,,,
2019.03.30,1,400526,204,,18,,,100,,,,,,1,,,,
2019.03.30,1,305043,206,,15,,,10,40,,50,,,1,,,,alive
2019.03.30,1,397048,215,,7,,,,40,60,,,,1,,,,
2019.03.30,2,305079,5,,8,,,20,80,,,,,,,,,
2019.03.30,2,397049,18,,9,,,,100,,,,,,1,,,
2019.03.30,2,400116,30,,13,,,,60,,,40,,,1,,,
2019.03.30,2,394969,69,,6,,,80,,20,,,,,,,,
2019.03.30,2,306346,,,20,,,,,10,,90,,1,1,,,lon not recorded
2019.03.30,2,385464,195,,10,,,,60,,40,,,1,,,,
2019.03.30,2,304487,203,,10,,,60,40,,,,,,,,,
2019.03.30,2,305043,214,,8,,,,100,,,,,,,,,
2019.03.30,2,397048,215,,6,,,,60,40,,,,1,,,,
2019.03.30,2,394260,220,,5,,,,60,40,,,,1,,,,
2019.05.14,1,305280,3,,13,,,,100,,,,,1,1,,,
2019.05.14,1,305079,3,,13,,,,100,,,,,1,1,,,
2019.05.14,1,401032,4,,10,,,,80,20,,,,1,,,,
2019.05.14,1,397443,168,,8,,,,60,20,20,,,1,1,,,
2019.05.14,1,306346,187,,11,,,,,,,100,,1,1,,,
2019.05.14,1,385464,197,,7,,,,100,,,,,1,,,,
